simulations,probability_estimate,variance,error
1000,0.0005597933,1.877102e-06,4.332553e-05
2000,0.0005493242,2.018677e-06,3.177008e-05
3000,0.0005353489,1.552266e-06,2.274691e-05
4000,0.0005284209,1.333541e-06,1.825884e-05
5000,0.00075993,0.0002324744,0.0002156267
6000,0.0007213343,0.0001939202,0.0001797777
7000,0.0006946612,0.000166608,0.0001542762
8000,0.000709085,0.0001516613,0.0001376868
9000,0.000690961,0.0001354169,0.0001226634
10000,0.0006818531000000001,0.0001222373,0.000110561
11000,0.0006693873999999999,0.0001113293,0.0001006024
12000,0.0006563295,0.0001021982,9.228499e-05
13000,0.000645225,9.442946e-05,8.522796e-05
14000,0.0006657942,9.403785e-05,8.195724e-05
15000,0.0006569316,8.783222e-05,7.652112e-05
16000,0.0006507371,8.256607e-05,7.183578e-05
17000,0.0006476872,7.804715e-05,6.775698e-05
18000,0.0006507126,7.456369e-05,6.436169e-05
19000,0.000656056,7.221798e-05,6.165182e-05
20000,0.0006491167,6.867983e-05,5.860027e-05
21000,0.000642684,6.543123e-05,5.581911e-05
22000,0.0006490976,6.474286e-05,5.424811e-05
23000,0.0006434897,6.196679e-05,5.190576e-05
24000,0.0006389284,5.943522e-05,4.976412e-05
25000,0.0006329992,5.707218e-05,4.777957e-05
26000,0.0006332378,5.564587e-05,4.626257e-05
27000,0.000639434,5.509698e-05,4.517332e-05
28000,0.0006360803,5.321159e-05,4.359374e-05
29000,0.0006360169,5.162613e-05,4.219255e-05
30000,0.0006330409,4.998468e-05,4.081857e-05
31000,0.0006367955000000001,4.987932e-05,4.011247e-05
32000,0.0006321887,4.832709e-05,3.886157e-05
33000,0.0006415469,5.251379e-05,3.989144e-05
34000,0.0006407782,5.121024e-05,3.880958e-05
35000,0.0006391779,4.993886e-05,3.777333e-05
36000,0.0006359008000000001,4.859316e-05,3.673976e-05
37000,0.0006322551,4.729174e-05,3.57513e-05
38000,0.0006300858,4.61171e-05,3.483688e-05
39000,0.000627977,4.496763e-05,3.395609e-05
40000,0.0006261741,4.386918e-05,3.311691e-05
41000,0.0006326603,4.646597e-05,3.366477e-05
42000,0.0006291946,4.536513e-05,3.286521e-05
43000,0.0006272846000000001,4.439996e-05,3.213343e-05
44000,0.0006267109,4.345683e-05,3.142698e-05
45000,0.000624526,4.254028e-05,3.074637e-05
46000,0.0006213865,4.161824e-05,3.007897e-05
47000,0.0006201657,4.076446e-05,2.945045e-05
48000,0.0006183986,3.992945e-05,2.884204e-05
49000,0.0006182871,3.920562e-05,2.82863e-05
50000,0.0006176174,3.848876e-05,2.774482e-05
51000,0.0006163657,3.776991e-05,2.721372e-05
52000,0.0006145323,3.706112e-05,2.66967e-05
53000,0.0006122374,3.636907e-05,2.619559e-05
54000,0.0006114421,3.576158e-05,2.573425e-05
55000,0.0006118231,3.531088e-05,2.533803e-05
56000,0.0006091874,3.468204e-05,2.488619e-05
57000,0.0006068503,3.407615e-05,2.445051e-05
58000,0.0006058841,3.351747e-05,2.403929e-05
59000,0.0006038843000000001,3.295383e-05,2.363344e-05
60000,0.0006025936,3.242437e-05,2.324664e-05
61000,0.0006015088,3.192283e-05,2.28763e-05
62000,0.0006000713000000001,3.141553e-05,2.251004e-05
63000,0.0005989042,3.093303e-05,2.215853e-05
64000,0.0005988894,3.053347e-05,2.184229e-05
65000,0.0006002259,3.070736e-05,2.173525e-05
66000,0.0005992705,3.034066e-05,2.144078e-05
67000,0.0005976670000000001,2.989234e-05,2.112237e-05
68000,0.0005970196,2.94976e-05,2.082758e-05
69000,0.0005997681,3.032263e-05,2.096326e-05
70000,0.0006023989,3.048574e-05,2.086889e-05
71000,0.000601071,3.006421e-05,2.057765e-05
72000,0.0005994015,2.965071e-05,2.029324e-05
73000,0.0005990241,2.930355e-05,2.003543e-05
74000,0.0005974602,2.890987e-05,1.976547e-05
75000,0.0005969696,2.858105e-05,1.952129e-05
76000,0.0005967811,2.825963e-05,1.928308e-05
77000,0.0005950889,2.789445e-05,1.903327e-05
78000,0.0005937823,2.754273e-05,1.879127e-05
79000,0.0005923293,2.719589e-05,1.855402e-05
80000,0.0005934397,2.711543e-05,1.84104e-05
81000,0.0005923256,2.678709e-05,1.818529e-05
82000,0.0005908465000000001,2.646267e-05,1.796428e-05
83000,0.0005968119,3.000415e-05,1.901304e-05
84000,0.00059555,2.964903e-05,1.878735e-05
85000,0.0005953880000000001,2.933728e-05,1.857806e-05
86000,0.0005948839,2.903427e-05,1.837411e-05
87000,0.0005952196,2.880804e-05,1.819689e-05
88000,0.0005952838,2.860434e-05,1.802912e-05
89000,0.0005946622,2.830332e-05,1.783297e-05
90000,0.0005950458,2.807041e-05,1.76605e-05
91000,0.000594561,2.778199e-05,1.747274e-05
92000,0.0006009443000000001,3.269267e-05,1.885087e-05
93000,0.0006005949,3.239573e-05,1.86639e-05
94000,0.0006006829,3.208093e-05,1.847394e-05
95000,0.0005994922,3.174756e-05,1.828072e-05
96000,0.0005983632,3.142035e-05,1.80913e-05
97000,0.0005974120000000001,3.110062e-05,1.7906e-05
98000,0.0005969027,3.083394e-05,1.773787e-05
99000,0.0005969782,3.058825e-05,1.757761e-05
100000,0.0005960659,3.028694e-05,1.740314e-05
101000,0.0005952292,2.999801e-05,1.723398e-05
102000,0.0005945340000000001,2.970882e-05,1.706643e-05
103000,0.0005941775,2.944391e-05,1.690749e-05
104000,0.0005935665,2.917366e-05,1.674861e-05
105000,0.0005928449,2.890338e-05,1.659127e-05
106000,0.0006013022,3.533118e-05,1.825686e-05
107000,0.0006044308,3.578191e-05,1.828689e-05
108000,0.0006039149,3.546837e-05,1.812211e-05
109000,0.0006034533,3.516889e-05,1.796247e-05
110000,0.000602564,3.485486e-05,1.780063e-05
111000,0.0006022837,3.455864e-05,1.76448e-05
112000,0.0006012811,3.425344e-05,1.748812e-05
113000,0.0006003333,3.396188e-05,1.733631e-05
114000,0.0006045333000000001,3.691312e-05,1.799442e-05
115000,0.0006038024,3.659986e-05,1.783983e-05
116000,0.0006026011,3.628528e-05,1.768627e-05
117000,0.0006018873,3.598013e-05,1.753632e-05
118000,0.0006081504,4.037428e-05,1.849743e-05
119000,0.0006097135,4.039901e-05,1.842519e-05
120000,0.000655412,0.0002758943,4.794913e-05
121000,0.0006543083,0.0002736421,4.755529e-05
122000,0.0006567457,0.0002721571,4.72313e-05
123000,0.0006560536,0.0002699707,4.684959e-05
124000,0.0006550548,0.0002678005,4.647237e-05
125000,0.0006555212,0.0002658589,4.611802e-05
126000,0.0006547452,0.0002637755,4.575431e-05
127000,0.0006542151,0.0002617368,4.539735e-05
128000,0.0006529421,0.0002596944,4.50429e-05
129000,0.0006712237,0.0002969771,4.79807e-05
130000,0.0006702873,0.0002947018,4.761236e-05
131000,0.0006702326,0.0002926743,4.726685e-05
132000,0.0006693828,0.0002904901,4.691144e-05
133000,0.0006687192,0.0002883402,4.656148e-05
134000,0.000668589,0.000286274,4.622092e-05
135000,0.0006673481,0.0002841579,4.58789e-05
136000,0.0006668366000000001,0.0002821429,4.554756e-05
137000,0.0006683943,0.0002810582,4.529371e-05
138000,0.0006670505,0.0002790235,4.496565e-05
139000,0.0006661357,0.0002770401,4.464408e-05
140000,0.0006649905,0.0002750639,4.432541e-05
141000,0.0006640519,0.0002731212,4.40117e-05
142000,0.0006639726000000001,0.0002713683,4.37155e-05
143000,0.0006628841,0.0002694779,4.341038e-05
144000,0.0006627192,0.0002676642,4.311356e-05
145000,0.0006637779,0.0002663812,4.286154e-05
146000,0.0006648007,0.0002648092,4.258828e-05
147000,0.0006637324,0.0002630116,4.229887e-05
148000,0.0006635366,0.0002613161,4.201963e-05
149000,0.000662857,0.0002595865,4.173957e-05
150000,0.0006618,0.0002578589,4.146154e-05
151000,0.0006613066000000001,0.0002561749,4.118887e-05
152000,0.0006619896,0.0002546742,4.093273e-05
153000,0.0006620513,0.0002531542,4.067681e-05
154000,0.0006624490000000001,0.0002516665,4.042521e-05
155000,0.0006615034,0.0002500453,4.016461e-05
156000,0.0006606779,0.0002484527,3.990796e-05
157000,0.0006595358,0.0002468713,3.965386e-05
158000,0.0006585106,0.0002453119,3.940313e-05
159000,0.0006580073,0.0002437812,3.915629e-05
160000,0.0006588654,0.000242663,3.894411e-05
161000,0.0006587310000000001,0.0002411928,3.870519e-05
162000,0.0006580167,0.0002397203,3.846758e-05
163000,0.0006582336,0.0002383574,3.824023e-05
164000,0.0006573966,0.0002369123,3.800772e-05
165000,0.0006566004,0.0002354828,3.777788e-05
166000,0.0006563288,0.000234086,3.755205e-05
167000,0.0006570895,0.0002330199,3.73541e-05
168000,0.0006562474,0.0002316376,3.713213e-05
169000,0.0006552113,0.0002302682,3.691251e-05
170000,0.0006552698,0.000229063,3.670735e-05
171000,0.0006598391,0.0002293487,3.662268e-05
172000,0.0006589426,0.0002280195,3.641009e-05
173000,0.0006589666,0.0002267774,3.620569e-05
174000,0.0006583466,0.0002254831,3.599833e-05
175000,0.0006576528,0.0002242026,3.579326e-05
176000,0.0006568996000000001,0.0002229372,3.559057e-05
177000,0.0006561603,0.0002216856,3.539013e-05
178000,0.0006559387,0.0002204834,3.519476e-05
179000,0.0006588972,0.0002206691,3.511109e-05
180000,0.0006579968,0.0002194462,3.491626e-05
181000,0.0006573883,0.0002182401,3.472386e-05
182000,0.0006568114,0.0002170576,3.453439e-05
183000,0.0006622019,0.0002225655,3.487413e-05
184000,0.0006615602,0.0002213644,3.468526e-05
185000,0.0006616474,0.0002203051,3.450853e-05
186000,0.0006608433,0.0002191329,3.432395e-05
187000,0.0006598631,0.0002179618,3.414046e-05
188000,0.0006591380000000001,0.000216812,3.395962e-05
189000,0.0006583537,0.0002156736,3.378062e-05
190000,0.0006580182000000001,0.0002145957,3.360731e-05
191000,0.0006576656,0.0002134955,3.343318e-05
192000,0.0006569471,0.00021239,3.325956e-05
193000,0.0006610687,0.0002139775,3.329702e-05
194000,0.000660415,0.000212887,3.312636e-05
195000,0.0006598798,0.0002118231,3.295864e-05
196000,0.0006592763,0.0002107486,3.279097e-05
197000,0.0006586745,0.000209688,3.262524e-05
198000,0.0006580683,0.000208636,3.246101e-05
199000,0.000657634,0.0002075993,3.22988e-05
200000,0.0006569222,0.0002065684,3.213786e-05
201000,0.0006564058,0.0002055478,3.197853e-05
202000,0.0006556617,0.0002045354,3.182062e-05
203000,0.0006548733,0.0002035327,3.166424e-05
204000,0.0006541365,0.0002025383,3.150928e-05
205000,0.0006550532,0.0002018219,3.137669e-05
206000,0.0006542991,0.0002008439,3.122452e-05
207000,0.0006538144,0.0001998826,3.107437e-05
208000,0.0006532907,0.0001989291,3.092556e-05
209000,0.0006527130000000001,0.0001979841,3.077812e-05
210000,0.0006518543,0.0001970421,3.063161e-05
211000,0.0006516347,0.0001961326,3.048833e-05
212000,0.0006510083,0.000195213,3.034495e-05
213000,0.0006505702,0.0001943098,3.020352e-05
214000,0.0006509961000000001,0.0001936633,3.008269e-05
215000,0.0006509897000000001,0.0001928115,2.994658e-05
216000,0.0006504613000000001,0.0001919246,2.980839e-05
217000,0.000650094,0.0001910585,2.967244e-05
218000,0.0006494319,0.0001901847,2.953654e-05
219000,0.0006500474,0.0001895967,2.942344e-05
220000,0.0006496397000000001,0.0001887498,2.929084e-05
221000,0.0006489548,0.0001878986,2.915853e-05
222000,0.0006482451,0.0001870541,2.902733e-05
223000,0.0006481078,0.0001862478,2.889969e-05
224000,0.0006480231,0.0001854811,2.87757e-05
225000,0.0006475111,0.0001846642,2.864838e-05
226000,0.0006471047,0.0001838551,2.852224e-05
227000,0.0006465938,0.0001830541,2.839729e-05
228000,0.0006479552,0.0001826291,2.830203e-05
229000,0.0006488085,0.0001822783,2.821303e-05
230000,0.0006483656,0.000181496,2.809116e-05
231000,0.0006480146,0.0001807306,2.797112e-05
232000,0.0006474729,0.000179956,2.785089e-05
233000,0.0006469168,0.0001791863,2.773157e-05
234000,0.0006464121,0.0001784255,2.761344e-05
235000,0.0006461857,0.0001776936,2.749805e-05
236000,0.0006456905,0.0001769446,2.738184e-05
237000,0.0006453203,0.0001762149,2.726761e-05
238000,0.0006476677,0.0001767392,2.725072e-05
239000,0.0006469271000000001,0.0001760004,2.713676e-05
240000,0.0006462766,0.0001752683,2.702378e-05
241000,0.0006454902,0.0001745413,2.691167e-05
242000,0.0006454408,0.0001738825,2.680527e-05
243000,0.0006457215,0.0001732721,2.670307e-05
244000,0.0006453789,0.0001725767,2.659477e-05
245000,0.0006447611,0.0001718742,2.648636e-05
246000,0.0006443756,0.0001711899,2.63798e-05
247000,0.0006438801,0.0001705014,2.627336e-05
248000,0.0006434019,0.00016982,2.616788e-05
249000,0.0006431605,0.0001691497,2.606369e-05
250000,0.0006426301,0.000168476,2.595966e-05
251000,0.0006419360000000001,0.0001678054,2.585629e-05
252000,0.0006418062,0.0001671952,2.575797e-05
253000,0.000641927,0.0001665868,2.56602e-05
254000,0.000641376,0.0001659331,2.555934e-05
255000,0.0006417867,0.0001653763,2.546634e-05
256000,0.000641182,0.0001647314,2.536695e-05
257000,0.0006404701,0.0001640907,2.526827e-05
258000,0.0006401047,0.000163465,2.517112e-05
259000,0.0006396765,0.0001628395,2.507437e-05
260000,0.0006392024,0.000162215,2.497807e-05
261000,0.0006385748,0.0001615944,2.488243e-05
262000,0.0006395734,0.0001612074,2.480515e-05
263000,0.0006391366,0.0001606008,2.471132e-05
264000,0.000639056,0.0001600499,2.462214e-05
265000,0.0006386942,0.0001594514,2.452965e-05
266000,0.0006382634,0.0001588553,2.443768e-05
267000,0.0006376482000000001,0.0001582613,2.434623e-05
268000,0.0006370039,0.000157671,2.425541e-05
269000,0.000636728,0.0001571032,2.416665e-05
270000,0.0006362692,0.0001565279,2.407765e-05
271000,0.0006362043,0.0001559877,2.399167e-05
272000,0.0006356291,0.000155416,2.39036e-05
273000,0.0006351598,0.0001548499,2.38163e-05
274000,0.0006345591000000001,0.0001542851,2.37294e-05
275000,0.0006342230000000001,0.0001537344,2.36439e-05
276000,0.0006380183000000001,0.0001578743,2.39167e-05
277000,0.0006378767,0.0001573321,2.383246e-05
278000,0.0006374587000000001,0.0001567705,2.374706e-05
279000,0.0006376194,0.000156336,2.367159e-05
280000,0.0006417552,0.0001611608,2.399113e-05
281000,0.0006415163000000001,0.0001606034,2.390695e-05
282000,0.000641531,0.0001600609,2.382419e-05
283000,0.0006410121000000001,0.000159496,2.374005e-05
284000,0.0006410667,0.0001590054,2.366175e-05
285000,0.0006406466,0.0001584508,2.357896e-05
286000,0.0006402413,0.0001579005,2.34968e-05
287000,0.0006400462,0.0001573603,2.341567e-05
288000,0.000639583,0.0001568157,2.33345e-05
289000,0.0006395903,0.0001562966,2.325551e-05
290000,0.000639026,0.0001557582,2.317536e-05
291000,0.0006387178000000001,0.000155235,2.309661e-05
292000,0.0006382809000000001,0.0001547055,2.301767e-05
293000,0.0006378985,0.0001541837,2.293958e-05
294000,0.0006375122,0.0001536631,2.286184e-05
295000,0.0006373384,0.0001531608,2.278572e-05
296000,0.0006369641,0.000152648,2.270909e-05
297000,0.0006367896,0.0001521474,2.263362e-05
298000,0.0006364067,0.0001516399,2.25579e-05
299000,0.0006365279,0.0001511613,2.248458e-05
300000,0.000636118,0.0001506609,2.240988e-05
301000,0.0006374343,0.0001505306,2.236295e-05
302000,0.0006375117,0.0001500734,2.229197e-05
303000,0.000637174,0.000149582,2.221868e-05
304000,0.0006368219,0.0001490951,2.214598e-05
305000,0.0006363469,0.0001486078,2.207349e-05
306000,0.0006358925,0.0001481239,2.200148e-05
307000,0.0006357409,0.0001476716,2.193205e-05
308000,0.0006355895,0.0001472192,2.186285e-05
309000,0.0006350898,0.0001467434,2.179215e-05
310000,0.0006348881,0.0001462808,2.172265e-05
311000,0.0006346998,0.0001458314,2.165436e-05
312000,0.0006346104,0.0001453884,2.158676e-05
313000,0.0006348597,0.0001450672,2.152844e-05
314000,0.0006345849,0.0001446096,2.14602e-05
315000,0.0006342941,0.0001441542,2.139234e-05
316000,0.0006338846,0.0001436996,2.132476e-05
317000,0.0006334354,0.0001432473,2.125757e-05
318000,0.0006335469,0.0001428434,2.119417e-05
319000,0.0006332341,0.0001423998,2.112805e-05
320000,0.000632691,0.0001419551,2.106204e-05
321000,0.0006323869000000001,0.0001415226,2.099715e-05
322000,0.0006319912,0.0001410844,2.093204e-05
323000,0.0006331541,0.0001413462,2.0919e-05
324000,0.0006334589,0.0001409509,2.085746e-05
325000,0.0006335976,0.0001405935,2.079893e-05
326000,0.0006337612,0.0001402102,2.073867e-05
327000,0.0006333807,0.0001397833,2.06754e-05
328000,0.0006331115,0.000139365,2.061294e-05
329000,0.0006327780000000001,0.0001389442,2.055049e-05
330000,0.0006327486,0.0001385538,2.049049e-05
331000,0.0006323067,0.0001381361,2.042865e-05
332000,0.0006319459000000001,0.0001377213,2.036721e-05
333000,0.0006317354,0.0001373139,2.03065e-05
334000,0.0006320462,0.0001369554,2.02496e-05
335000,0.0006315874,0.000136547,2.018918e-05
336000,0.0006312981,0.0001361444,2.012938e-05
337000,0.0006310602,0.0001357452,2.007e-05
338000,0.0006311396,0.0001353869,2.001382e-05
339000,0.0006307327,0.0001349884,1.995484e-05
340000,0.0006304881,0.0001346007,1.989685e-05
341000,0.0006303088,0.0001342109,1.983886e-05
342000,0.0006299189,0.0001338234,1.978121e-05
343000,0.0006298462000000001,0.0001334555,1.972519e-05
344000,0.0006323068000000001,0.0001356283,1.985619e-05
345000,0.0006322335,0.0001352531,1.979995e-05
346000,0.0006318898,0.0001348652,1.974294e-05
347000,0.0006315826,0.0001344814,1.96864e-05
348000,0.0006313551,0.0001341046,1.963054e-05
349000,0.000631969,0.0001339059,1.958786e-05
350000,0.000631635,0.0001335276,1.953222e-05
351000,0.0006313334,0.0001331505,1.947681e-05
352000,0.0006311974,0.0001327963,1.942324e-05
353000,0.0006309517000000001,0.0001324307,1.936899e-05
354000,0.0006307852,0.0001320606,1.931457e-05
355000,0.0006304163000000001,0.0001316897,1.926024e-05
356000,0.0006302693,0.0001313401,1.920762e-05
357000,0.0006304326,0.0001310278,1.915789e-05
358000,0.0006303576,0.0001306866,1.910619e-05
359000,0.0006302628,0.0001303606,1.905575e-05
360000,0.0006298466000000001,0.0001299992,1.900286e-05
361000,0.000629533,0.000129641,1.895036e-05
362000,0.0006291881,0.0001292844,1.889813e-05
363000,0.0006291770000000001,0.0001289733,1.884936e-05
364000,0.0006290017,0.0001286253,1.879803e-05
365000,0.0006287441,0.0001282757,1.874674e-05
366000,0.0006285292,0.00012793,1.869587e-05
367000,0.0006283929000000001,0.000127591,1.864563e-05
368000,0.0006280658,0.0001272461,1.859509e-05
369000,0.0006276547000000001,0.0001269019,1.854474e-05
370000,0.0006272552,0.0001265596,1.849467e-05
371000,0.0006268215,0.0001262186,1.844484e-05
372000,0.000627089,0.0001259211,1.83983e-05
373000,0.000628011,0.0001259838,1.83782e-05
374000,0.0006280388,0.0001256839,1.833175e-05
375000,0.0006277342,0.0001253503,1.828298e-05
376000,0.0006274132,0.0001250181,1.823445e-05
377000,0.0006270228,0.0001246871,1.818612e-05
378000,0.0006269193,0.0001243651,1.813858e-05
379000,0.0006268391000000001,0.0001240446,1.809128e-05
380000,0.0006265352,0.0001237218,1.804394e-05
381000,0.0006261144,0.0001233973,1.799659e-05
382000,0.0006262025,0.0001231138,1.795237e-05
383000,0.0006260624000000001,0.000122805,1.790641e-05
384000,0.0006257997,0.0001224902,1.786015e-05
385000,0.0006264263,0.0001226152,1.784604e-05
386000,0.0006261045,0.0001222984,1.779987e-05
387000,0.0006259247000000001,0.0001219865,1.775417e-05
388000,0.0006255955,0.0001216752,1.770864e-05
389000,0.0006254604,0.0001213682,1.766354e-05
390000,0.0006251853,0.000121059,1.761839e-05
391000,0.0006260794,0.0001213185,1.761469e-05
392000,0.0006259162000000001,0.0001210123,1.757e-05
393000,0.000626039,0.000120732,1.75273e-05
394000,0.0006257305000000001,0.000120427,1.748291e-05
395000,0.0006254796,0.0001201285,1.743912e-05
396000,0.0006253470000000001,0.0001198292,1.739537e-05
397000,0.0006250870000000001,0.0001195304,1.735177e-05
398000,0.0006262989,0.0001200124,1.736487e-05
399000,0.0006260453,0.0001197142,1.732154e-05
400000,0.0006256195,0.0001194151,1.727824e-05
401000,0.0006254519,0.0001191347,1.723641e-05
402000,0.0006253254000000001,0.0001188458,1.719408e-05
403000,0.000624951,0.0001185512,1.715144e-05
404000,0.0006247656,0.0001182647,1.710948e-05
405000,0.0006251618,0.0001180723,1.707444e-05
406000,0.0006249658,0.0001177874,1.703281e-05
407000,0.0006252532,0.0001175537,1.699499e-05
408000,0.0006249719000000001,0.0001172666,1.695341e-05
409000,0.0006248596000000001,0.0001169881,1.691255e-05
410000,0.0006246615,0.0001167063,1.687156e-05
411000,0.000624506,0.0001164299,1.683106e-05
412000,0.0006242572,0.0001161489,1.679032e-05
413000,0.0006242007,0.0001158959,1.675171e-05
414000,0.0006239568,0.0001156185,1.671143e-05
415000,0.0006237957,0.0001153422,1.667132e-05
416000,0.0006237102,0.0001150773,1.663214e-05
417000,0.0006234484,0.0001148031,1.659238e-05
418000,0.0006231128,0.0001145294,1.655276e-05
419000,0.000622924,0.0001142595,1.65135e-05
420000,0.0006227758000000001,0.0001140073,1.647561e-05
421000,0.0006229643,0.0001138101,1.64418e-05
422000,0.0006226241,0.0001135408,1.640287e-05
423000,0.0006227755000000001,0.0001133339,1.636853e-05
424000,0.0006230075,0.0001131245,1.633411e-05
425000,0.0006230077,0.0001128809,1.62973e-05
426000,0.0006227147,0.0001126166,1.625909e-05
427000,0.0006223439,0.0001123534,1.622106e-05
428000,0.0006221305,0.0001120936,1.618335e-05
429000,0.0006220287,0.0001118372,1.614598e-05
430000,0.0006217379,0.0001115781,1.610851e-05
431000,0.0006219485,0.0001114297,1.60791e-05
432000,0.0006217527,0.0001111742,1.604206e-05
433000,0.0006216296,0.0001109269,1.600569e-05
434000,0.0006215606,0.0001106957,1.597057e-05
435000,0.0006213755,0.0001104453,1.593415e-05
436000,0.0006212787,0.0001102101,1.589892e-05
437000,0.0006215948,0.0001100029,1.586578e-05
438000,0.0006213069,0.0001097529,1.582964e-05
439000,0.0006213303,0.0001095167,1.579458e-05
440000,0.0006211818,0.00010928,1.575956e-05
441000,0.0006228741000000001,0.0001099813,1.579211e-05
442000,0.0006235726,0.0001098239,1.576294e-05
443000,0.0006236501,0.0001096132,1.573003e-05
444000,0.0006270076,0.0001148785,1.608525e-05
445000,0.0006267884,0.0001146237,1.604934e-05
446000,0.0006264368,0.000114367,1.601338e-05
447000,0.0006260895,0.0001141116,1.597758e-05
448000,0.000625886,0.0001138618,1.594227e-05
449000,0.0006257092,0.0001136119,1.590702e-05
450000,0.0006311942,0.000123644,1.657602e-05
451000,0.000630886,0.0001233708,1.653933e-05
452000,0.0006305802,0.0001230987,1.650279e-05
453000,0.0006303368000000001,0.0001228294,1.646653e-05
454000,0.0006300926,0.0001225612,1.643042e-05
455000,0.0006309794,0.0001226322,1.641711e-05
456000,0.0006308988,0.0001223714,1.638165e-05
457000,0.0006315310000000001,0.0001222946,1.635858e-05
458000,0.0006312678000000001,0.0001220353,1.632338e-05
459000,0.0006311131,0.000121773,1.628806e-05
460000,0.0006312305,0.0001215344,1.625439e-05
461000,0.0006312067000000001,0.0001212897,1.62204e-05
462000,0.0006309673,0.0001210289,1.618541e-05
463000,0.0006312412,0.0001208221,1.61541e-05
464000,0.0006310018,0.000120563,1.611937e-05
465000,0.0006307288,0.0001203049,1.608478e-05
466000,0.0006305098000000001,0.0001200568,1.605094e-05
467000,0.0006303398,0.0001198075,1.601709e-05
468000,0.0006301441,0.0001195606,1.598347e-05
469000,0.0006301436,0.0001193364,1.595145e-05
470000,0.0006298625000000001,0.0001190833,1.591756e-05
471000,0.0006297213000000001,0.0001188351,1.588407e-05
472000,0.0006294726,0.0001185845,1.58505e-05
473000,0.0006292257,0.0001183357,1.581712e-05
474000,0.0006290734,0.0001180907,1.578406e-05
475000,0.0006289156000000001,0.0001178453,1.575104e-05
476000,0.0006291883,0.0001176552,1.572179e-05
477000,0.0006293206,0.0001174465,1.569137e-05
478000,0.0006290292,0.0001172017,1.56586e-05
479000,0.0006288551,0.0001169588,1.562603e-05
480000,0.0006287571,0.0001167343,1.559476e-05
481000,0.0006285798,0.0001165008,1.556295e-05
482000,0.0006284504,0.000116263,1.553092e-05
483000,0.0006282340000000001,0.0001160243,1.54989e-05
484000,0.0006282852,0.0001158066,1.546835e-05
485000,0.0006282043,0.0001155827,1.543745e-05
486000,0.0006285096,0.0001154885,1.541528e-05
487000,0.0006284022,0.0001152625,1.538436e-05
488000,0.0006281583000000001,0.0001150292,1.535303e-05
489000,0.000628001,0.0001147999,1.532203e-05
490000,0.0006277528,0.0001145677,1.52909e-05
491000,0.0006274482,0.0001143347,1.525978e-05
492000,0.0006272577,0.0001141063,1.522903e-05
493000,0.000626985,0.0001138758,1.519821e-05
494000,0.0006268024,0.0001136478,1.516761e-05
495000,0.0006266898,0.0001134247,1.51374e-05
496000,0.0006269234000000001,0.0001132475,1.511032e-05
497000,0.0006268277,0.0001130289,1.508053e-05
498000,0.000626501,0.0001128023,1.505027e-05
499000,0.0006263357,0.000112579,1.50203e-05
500000,0.0006260995,0.0001123551,1.499034e-05
501000,0.0006269181,0.0001126887,1.499758e-05
502000,0.0006266483,0.0001124653,1.496778e-05
503000,0.0006268708,0.0001123493,1.494518e-05
504000,0.0006273726,0.0001122841,1.492602e-05
505000,0.0006273678,0.0001120792,1.489762e-05
506000,0.0006271593000000001,0.0001118593,1.486828e-05
507000,0.0006269656,0.0001116434,1.483927e-05
508000,0.0006267078000000001,0.0001114243,1.48101e-05
509000,0.0006265717,0.0001112086,1.478122e-05
510000,0.0006266228,0.0001110176,1.475404e-05
511000,0.0006263584,0.0001108009,1.47252e-05
512000,0.0006263342,0.0001106042,1.469775e-05
513000,0.0006262117,0.000110393,1.466939e-05
514000,0.0006259458,0.0001101791,1.464091e-05
515000,0.000625753,0.0001099676,1.461264e-05
516000,0.0006254874,0.0001097554,1.458439e-05
517000,0.0006253246,0.0001095475,1.455646e-05
518000,0.0006251939,0.0001093381,1.452851e-05
519000,0.0006249594,0.0001091282,1.450056e-05
520000,0.0006247055,0.0001089189,1.447271e-05
521000,0.0006245879,0.0001087137,1.444519e-05
522000,0.0006244986,0.0001085185,1.441838e-05
523000,0.0006242077,0.0001083117,1.439086e-05
524000,0.0006240846,0.0001081177,1.436424e-05
525000,0.0006245061,0.0001080806,1.434809e-05
526000,0.0006263681,0.0001095463,1.443132e-05
527000,0.0006264743,0.0001093597,1.440534e-05
528000,0.0006262761000000001,0.0001091573,1.437836e-05
529000,0.000626203,0.0001089577,1.435163e-05
530000,0.0006272459,0.0001095778,1.437883e-05
531000,0.0006270215,0.0001093729,1.435184e-05
532000,0.0006268508,0.0001091704,1.432506e-05
533000,0.0006265828,0.0001089663,1.429824e-05
534000,0.0006265331,0.0001087736,1.427221e-05
535000,0.0006263989,0.0001085751,1.424584e-05
536000,0.0006262732,0.0001083774,1.421959e-05
537000,0.0006262527,0.0001081863,1.419381e-05
538000,0.0006260588,0.0001079891,1.416768e-05
539000,0.000625884,0.0001077905,1.414151e-05
540000,0.0006258013,0.0001075972,1.411574e-05
541000,0.0006261758,0.0001075653,1.41006e-05
542000,0.0006266895,0.000107444,1.407964e-05
543000,0.0006264389000000001,0.0001072469,1.405376e-05
544000,0.0006264895,0.0001070775,1.402974e-05
545000,0.000626204,0.0001068812,1.400401e-05
546000,0.0006260964,0.0001066916,1.397876e-05
547000,0.0006267238,0.0001067858,1.397215e-05
548000,0.0006267528,0.0001066032,1.394745e-05
549000,0.0006268227,0.000106425,1.392309e-05
550000,0.0006266352,0.000106235,1.389801e-05
551000,0.0006264082,0.0001060428,1.387282e-05
552000,0.0006262103,0.0001058525,1.384781e-05
553000,0.000626141,0.0001056667,1.382313e-05
554000,0.0006258869000000001,0.0001054764,1.379821e-05
555000,0.0006256179000000001,0.0001052866,1.377336e-05
556000,0.0006254541,0.0001051016,1.374888e-05
557000,0.0006255005,0.0001049459,1.372635e-05
558000,0.0006252602000000001,0.0001047588,1.370182e-05
559000,0.0006255712,0.0001046608,1.368315e-05
560000,0.0006254211,0.0001044761,1.365886e-05
561000,0.0006252678,0.0001042917,1.363463e-05
562000,0.000625437,0.0001041997,1.361649e-05
563000,0.0006252208,0.0001040156,1.359237e-05
564000,0.0006250103000000001,0.0001038331,1.356839e-05
565000,0.0006250096,0.0001036882,1.354691e-05
566000,0.0006247999,0.0001035074,1.352314e-05
567000,0.0006250433,0.0001033626,1.350175e-05
568000,0.0006248183,0.0001031814,1.347803e-05
569000,0.0006245976,0.0001030008,1.345439e-05
570000,0.0006251804000000001,0.0001031476,1.345217e-05
571000,0.0006250405000000001,0.0001029731,1.3429e-05
572000,0.0006248894,0.0001027946,1.340562e-05
573000,0.000624653,0.0001026159,1.338228e-05
574000,0.0006244415000000001,0.0001024381,1.335903e-05
575000,0.0006242328,0.0001022629,1.333598e-05
576000,0.0006239667,0.0001020855,1.331284e-05
577000,0.0006237556,0.0001019093,1.328982e-05
578000,0.0006235381,0.0001017336,1.326686e-05
579000,0.0006246247000000001,0.0001023086,1.329281e-05
580000,0.0006244172,0.0001021336,1.326998e-05
581000,0.0006242119,0.0001019591,1.324722e-05
582000,0.0006243783,0.0001018156,1.322652e-05
583000,0.0006241123,0.0001016412,1.320385e-05
584000,0.0006240691,0.0001014724,1.318158e-05
585000,0.0006238709,0.0001013007,1.315916e-05
586000,0.0006237136,0.0001011295,1.313682e-05
587000,0.0006238101000000001,0.0001009716,1.311537e-05
588000,0.0006237275,0.000100808,1.309359e-05
589000,0.0006234349000000001,0.0001006369,1.307137e-05
590000,0.0006232884,0.0001004691,1.304939e-05
591000,0.0006232249,0.0001003142,1.302829e-05
592000,0.0006230629000000001,0.0001001471,1.300644e-05
593000,0.000622962,9.998417e-05,1.298489e-05
594000,0.0006228606,9.982055e-05,1.296334e-05
595000,0.0006227177000000001,9.965442e-05,1.294165e-05
596000,0.0006225574000000001,9.948915e-05,1.292007e-05
597000,0.0006223429,9.932313e-05,1.289846e-05
598000,0.0006221792,9.915899e-05,1.287702e-05
599000,0.0006232446,9.994416e-05,1.291711e-05
600000,0.0006233989,9.979973e-05,1.289701e-05
601000,0.0006231669,9.963449e-05,1.28756e-05
602000,0.0006230303,9.947087e-05,1.285434e-05
603000,0.0006228277000000001,9.930665e-05,1.283307e-05
604000,0.0006228551,9.916734e-05,1.281344e-05
605000,0.0006226957,9.900475e-05,1.279235e-05
606000,0.000622711,9.885e-05,1.27718e-05
607000,0.0006226832,9.869986e-05,1.275158e-05
608000,0.0006271186000000001,0.00010736,1.32883e-05
609000,0.0006270444,0.0001071895,1.326684e-05
610000,0.0006268662000000001,0.0001070164,1.324525e-05
611000,0.0006267356,0.0001068446,1.322378e-05
612000,0.0006264863,0.0001066705,1.32022e-05
613000,0.000626343,0.0001064987,1.31808e-05
614000,0.0006261877000000001,0.0001063274,1.315947e-05
615000,0.0006262928,0.0001062066,1.314129e-05
616000,0.0006261671,0.0001060365,1.31201e-05
617000,0.0006259889,0.0001058666,1.309896e-05
618000,0.0006259033,0.0001057012,1.307813e-05
619000,0.0006258496,0.0001055419,1.305771e-05
620000,0.0006257645,0.0001053778,1.303703e-05
621000,0.0006255748,0.0001052096,1.301613e-05
622000,0.0006253971,0.0001050413,1.299525e-05
623000,0.0006262328000000001,0.0001054416,1.300954e-05
624000,0.0006260373,0.0001052751,1.298884e-05
625000,0.0006259963000000001,0.0001051107,1.296831e-05
626000,0.0006258163000000001,0.0001049444,1.294769e-05
627000,0.0006255755,0.0001047773,1.292706e-05
628000,0.0006253296,0.0001046108,1.29065e-05
629000,0.0006251243,0.0001044448,1.2886e-05
630000,0.0006254285,0.0001043781,1.287166e-05
631000,0.0006252312,0.0001042131,1.285128e-05
632000,0.000625399,0.0001040987,1.283406e-05
633000,0.0006252742,0.000103936,1.28139e-05
634000,0.0006250313,0.0001037724,1.27937e-05
635000,0.0006249065,0.0001036133,1.277382e-05
636000,0.0006247788,0.000103452,1.275384e-05
637000,0.0006249974,0.0001033757,1.273913e-05
638000,0.0006257567,0.0001038028,1.27554e-05
639000,0.0006260968,0.0001037707,1.274345e-05
640000,0.0006262256,0.0001036388,1.272539e-05
641000,0.000626267,0.0001035042,1.270721e-05
642000,0.0006260799,0.0001033444,1.26875e-05
643000,0.0006259314000000001,0.0001031849,1.266784e-05
644000,0.0006257853,0.0001030274,1.264833e-05
645000,0.0006259747000000001,0.0001029278,1.263242e-05
646000,0.0006258499,0.0001027705,1.261299e-05
647000,0.0006256942000000001,0.0001026154,1.259372e-05
648000,0.0006256151,0.0001024652,1.257479e-05
649000,0.000625618,0.0001023263,1.255658e-05
650000,0.0006260783000000001,0.000102423,1.255284e-05
651000,0.0006259421,0.0001022744,1.253409e-05
652000,0.0006257459,0.0001021182,1.251491e-05
653000,0.0006256196,0.0001019634,1.249584e-05
654000,0.0006256143,0.0001018206,1.247754e-05
655000,0.0006256075,0.000101676,1.245915e-05
656000,0.0006254994,0.0001015245,1.244037e-05
657000,0.0006267215,0.0001026551,1.249993e-05
658000,0.0006267674,0.0001025291,1.248276e-05
659000,0.0006266567,0.0001023773,1.246405e-05
660000,0.000626993,0.0001023794,1.245473e-05
661000,0.0006270074,0.000102232,1.243634e-05
662000,0.0006271184,0.0001021344,1.242101e-05
663000,0.000627098,0.0001019935,1.240308e-05
664000,0.0006268937,0.0001018405,1.238443e-05
665000,0.0006266919000000001,0.0001016883,1.236587e-05
666000,0.0006267933,0.0001015586,1.23487e-05
667000,0.0006267267,0.0001014099,1.23304e-05
668000,0.0006265982,0.00010126,1.231206e-05
669000,0.0006264558,0.0001011134,1.229395e-05
670000,0.0006267204,0.0001010687,1.228205e-05
671000,0.0006265664,0.0001009199,1.226386e-05
672000,0.0006265815,0.0001007955,1.224717e-05
673000,0.0006263724,0.0001006462,1.222901e-05
674000,0.0006263527,0.0001005107,1.22117e-05
675000,0.00062618,0.0001003625,1.219366e-05
676000,0.000626291,0.0001002498,1.217779e-05
677000,0.0006261761,0.0001001037,1.215992e-05
678000,0.0006264992,0.0001000992,1.215068e-05
679000,0.0006266229000000001,0.0001000117,1.213642e-05
680000,0.0006264471000000001,9.986536e-05,1.211861e-05
681000,0.0006262814,9.972108e-05,1.210096e-05
682000,0.0006260716,9.957552e-05,1.208326e-05
683000,0.0006259872,9.943253e-05,1.206574e-05
684000,0.0006258026,9.928796e-05,1.204815e-05
685000,0.0006256365,9.914583e-05,1.203073e-05
686000,0.0006256230000000001,9.90123e-05,1.201386e-05
687000,0.000625531,9.887422e-05,1.199674e-05
688000,0.0006253501,9.873142e-05,1.197936e-05
689000,0.0006251916,9.858895e-05,1.196202e-05
690000,0.0006250638,9.844768e-05,1.194478e-05
691000,0.0006249967000000001,9.830948e-05,1.192775e-05
692000,0.000624815,9.816842e-05,1.191058e-05
693000,0.0006247063,9.803061e-05,1.189363e-05
694000,0.0006245804,9.789057e-05,1.187656e-05
695000,0.0006244426,9.775272e-05,1.185965e-05
696000,0.0006242535,9.761336e-05,1.184268e-05
697000,0.0006241178,9.747634e-05,1.182587e-05
698000,0.0006240155000000001,9.733985e-05,1.180912e-05
699000,0.0006238645,9.720184e-05,1.17923e-05
700000,0.0006237847000000001,9.706849e-05,1.177579e-05
701000,0.00062354,9.693011e-05,1.1759e-05
702000,0.0006233355,9.679234e-05,1.174227e-05
703000,0.0006232766000000001,9.666254e-05,1.172604e-05
704000,0.0006232048,9.652944e-05,1.170964e-05
705000,0.0006231004,9.639736e-05,1.169332e-05
706000,0.00062379,9.679559e-05,1.170915e-05
707000,0.0006259281,9.991605e-05,1.188798e-05
708000,0.0006258887,9.978295e-05,1.187166e-05
709000,0.0006259775,9.96674e-05,1.185642e-05
710000,0.0006257831,9.95279e-05,1.183977e-05
711000,0.0006256426,9.93898e-05,1.182323e-05
712000,0.0006254819,9.925201e-05,1.180673e-05
713000,0.0006252961,9.911346e-05,1.179021e-05
714000,0.0006252886,9.898129e-05,1.177409e-05
715000,0.0006252677,9.88575e-05,1.17585e-05
716000,0.0006250976,9.872027e-05,1.174212e-05
717000,0.0006250442,9.858643e-05,1.172598e-05
718000,0.0006248668,9.845014e-05,1.17097e-05
719000,0.0006250157000000001,9.838901e-05,1.169793e-05
720000,0.0006248774000000001,9.825385e-05,1.168177e-05
721000,0.0006248776,9.812828e-05,1.16662e-05
722000,0.0006247479,9.799397e-05,1.165014e-05
723000,0.0006245872000000001,9.785911e-05,1.163406e-05
724000,0.0006245205,9.773215e-05,1.161848e-05
725000,0.0006255888,9.871313e-05,1.166859e-05
726000,0.0006257925,9.866241e-05,1.165756e-05
727000,0.0006256852,9.853254e-05,1.164187e-05
728000,0.0006254885,9.839761e-05,1.16259e-05
729000,0.0006252997,9.82631e-05,1.160998e-05
730000,0.0006251217,9.812929e-05,1.159412e-05
731000,0.0006249737,9.799644e-05,1.157834e-05
732000,0.0006248821,9.786678e-05,1.156278e-05
733000,0.0006248907,9.774001e-05,1.15474e-05
734000,0.0006246729,9.760699e-05,1.153168e-05
735000,0.0006245662000000001,9.747741e-05,1.151618e-05
736000,0.000625253,9.782177e-05,1.152866e-05
737000,0.0006251205,9.768996e-05,1.151307e-05
738000,0.0006249334,9.755831e-05,1.149751e-05
739000,0.0006248021000000001,9.742878e-05,1.14821e-05
740000,0.000624727,9.730477e-05,1.146704e-05
741000,0.0006257786,9.780416e-05,1.148867e-05
742000,0.0006255537000000001,9.767244e-05,1.147319e-05
743000,0.0006254552,9.754506e-05,1.145798e-05
744000,0.0006253383,9.741595e-05,1.14427e-05
745000,0.0006254555,9.734234e-05,1.14307e-05
746000,0.0006253126,9.721425e-05,1.141552e-05
747000,0.0006252829,9.708823e-05,1.140048e-05
748000,0.0006252510000000001,9.696349e-05,1.138553e-05
749000,0.0006251126,9.68352e-05,1.13704e-05
750000,0.0006260383,9.732834e-05,1.139171e-05
751000,0.0006259051,9.720025e-05,1.137663e-05
752000,0.0006361516,0.0001770972,1.534606e-05
753000,0.0006361338,0.0001768713,1.532608e-05
754000,0.0006359179,0.000176637,1.530577e-05
755000,0.0006357899,0.0001764048,1.528557e-05
756000,0.0006356632,0.0001761746,1.526549e-05
757000,0.0006354936,0.0001759423,1.524534e-05
758000,0.0006363347,0.0001765096,1.525983e-05
759000,0.0006367735,0.0001765113,1.524984e-05
760000,0.0006366332,0.0001762806,1.522984e-05
761000,0.0006364741,0.0001760507,1.520991e-05
762000,0.0006364015,0.0001758239,1.519013e-05
763000,0.0006365897,0.0001756605,1.517311e-05
764000,0.0006364463,0.0001754325,1.515334e-05
765000,0.0006363224000000001,0.0001752054,1.513363e-05
766000,0.0006364423,0.0001750115,1.511537e-05
767000,0.0006364735,0.0001748191,1.509721e-05
768000,0.0006364211,0.0001745954,1.507772e-05
769000,0.0006363096,0.0001743701,1.505819e-05
770000,0.0006361409,0.0001741441,1.503866e-05
771000,0.0006360442,0.0001739258,1.501948e-05
772000,0.0006358974,0.0001737024,1.50001e-05
773000,0.000635821,0.0001734838,1.498096e-05
774000,0.0006357778,0.0001732691,1.496201e-05
775000,0.0006357312,0.0001730495,1.494288e-05
776000,0.0006359076,0.0001729073,1.492711e-05
777000,0.0006360969,0.0001727602,1.491116e-05
778000,0.0006359729,0.0001725401,1.489207e-05
779000,0.0006358671000000001,0.0001723217,1.487309e-05
780000,0.0006356875,0.0001721013,1.485405e-05
781000,0.0006360913,0.0001719785,1.483924e-05
782000,0.0006358799,0.0001717587,1.482027e-05
783000,0.0006357361000000001,0.0001715402,1.480138e-05
784000,0.0006356785,0.0001713295,1.478285e-05
785000,0.0006355976,0.0001711259,1.476465e-05
786000,0.0006354057,0.0001709087,1.474588e-05
787000,0.0006353469,0.0001707025,1.472762e-05
788000,0.0006357665,0.0001706032,1.471399e-05
789000,0.0006356507,0.0001703901,1.469548e-05
790000,0.0006355635,0.0001701793,1.467708e-05
791000,0.0006353832000000001,0.0001699647,1.465855e-05
792000,0.0006352023,0.0001697508,1.464008e-05
793000,0.0006350219,0.0001695374,1.462164e-05
794000,0.0006350315,0.0001693278,1.46034e-05
795000,0.0006349809,0.0001691204,1.458527e-05
796000,0.0006349168,0.0001689112,1.456709e-05
797000,0.000634744,0.0001686997,1.454883e-05
798000,0.0006346066,0.0001684899,1.453066e-05
799000,0.0006345687,0.000168284,1.451269e-05
800000,0.0006344779,0.0001680768,1.449469e-05
801000,0.0006342954,0.0001678672,1.44766e-05
802000,0.0006343171,0.0001676762,1.445934e-05
803000,0.0006342361000000001,0.0001674718,1.444153e-05
804000,0.0006341814000000001,0.000167271,1.442389e-05
805000,0.0006340875,0.0001670677,1.440616e-05
806000,0.0006340834,0.0001668672,1.438858e-05
807000,0.0006340636,0.0001666637,1.437089e-05
808000,0.0006340113,0.0001664686,1.435359e-05
809000,0.0006339473,0.000166268,1.433607e-05
810000,0.0006338872,0.0001660713,1.431874e-05
811000,0.0006336837,0.0001658667,1.430109e-05
812000,0.0006335010000000001,0.0001656628,1.428349e-05
813000,0.0006333756,0.0001654604,1.426598e-05
814000,0.0006332418,0.0001652582,1.42485e-05
815000,0.0006330861,0.0001650562,1.423106e-05
816000,0.0006329397,0.0001648566,1.421373e-05
817000,0.0006327684,0.0001646553,1.419635e-05
818000,0.0006327014,0.0001644586,1.41792e-05
819000,0.0006325196,0.000164258,1.416189e-05
820000,0.0006324838,0.0001640634,1.414487e-05
821000,0.0006323326,0.000163864,1.412766e-05
822000,0.0006336133,0.0001649128,1.416417e-05
823000,0.0006334934000000001,0.0001647134,1.414701e-05
824000,0.0006334266000000001,0.0001645163,1.412996e-05
825000,0.0006333869,0.0001643215,1.411303e-05
826000,0.0006331764,0.0001641227,1.409595e-05
827000,0.0006336747,0.00016413,1.408774e-05
828000,0.0006335777,0.0001639362,1.407091e-05
829000,0.0006334611,0.0001637399,1.4054e-05
830000,0.0006333038,0.0001635432,1.403709e-05
831000,0.0006331397,0.0001633472,1.402023e-05
832000,0.0006333994,0.0001632509,1.400768e-05
833000,0.0006333399,0.0001630644,1.399127e-05
834000,0.0006337696,0.0001631414,1.398618e-05
835000,0.0006335971,0.0001629465,1.396945e-05
836000,0.0006336254,0.0001627621,1.395319e-05
837000,0.0006335368,0.0001625719,1.39367e-05
838000,0.0006333949,0.0001623788,1.392011e-05
839000,0.0006333797,0.0001621892,1.390369e-05
840000,0.0006338084000000001,0.00016213,1.389287e-05
841000,0.0006345861,0.0001626889,1.390852e-05
842000,0.0006344769,0.0001624973,1.389207e-05
843000,0.0006344349,0.000162316,1.387608e-05
844000,0.0006343649,0.000162133,1.386004e-05
845000,0.0006343694,0.0001619582,1.384437e-05
846000,0.0006341745,0.0001617669,1.382801e-05
847000,0.0006339865,0.0001615761,1.381169e-05
848000,0.0006339602,0.0001613934,1.379574e-05
849000,0.0006339696000000001,0.00016123,1.378063e-05
850000,0.0006339895,0.0001610619,1.376534e-05
851000,0.0006338486,0.0001608744,1.374924e-05
852000,0.0006337266,0.0001606866,1.373315e-05
853000,0.000633619,0.0001604992,1.371709e-05
854000,0.0006337215,0.0001603244,1.370159e-05
855000,0.0006335688,0.0001601375,1.368559e-05
856000,0.0006335327,0.0001599572,1.366989e-05
857000,0.0006335351,0.0001597771,1.365422e-05
858000,0.0006339536,0.0001598664,1.365007e-05
859000,0.0006338703,0.0001596861,1.363443e-05
860000,0.0006339037,0.0001595392,1.362023e-05
861000,0.0006338125,0.0001593557,1.360449e-05
862000,0.0006338556,0.0001591847,1.35893e-05
863000,0.0006339609,0.0001590524,1.357578e-05
864000,0.0006340193,0.0001589087,1.356179e-05
865000,0.0006338594,0.0001587253,1.354612e-05
866000,0.0006338233,0.000158548,1.353074e-05
867000,0.0006338848,0.0001583773,1.351565e-05
868000,0.0006338384,0.0001581969,1.350017e-05
869000,0.0006338451,0.0001580314,1.348534e-05
870000,0.0006338681,0.0001578651,1.347049e-05
871000,0.0006337091,0.0001576843,1.345505e-05
872000,0.0006335333,0.0001575037,1.343963e-05
873000,0.0006334815,0.0001573324,1.342462e-05
874000,0.0006334043000000001,0.0001571559,1.340941e-05
875000,0.0006334041,0.0001569851,1.339446e-05
876000,0.0006334272000000001,0.0001568372,1.33805e-05
877000,0.0006333523,0.0001566637,1.336547e-05
878000,0.0006332925,0.0001564888,1.33504e-05
879000,0.0006331564,0.0001563115,1.333525e-05
880000,0.0006329777000000001,0.0001561341,1.33201e-05
881000,0.0006328616,0.0001559578,1.330502e-05
882000,0.0006327467,0.000155785,1.329011e-05
883000,0.0006327231,0.0001556158,1.327537e-05
884000,0.0006325843,0.0001554404,1.326038e-05
885000,0.0006324557,0.0001552661,1.324545e-05
886000,0.0006324398,0.0001551024,1.323099e-05
887000,0.0006323019,0.0001549284,1.321611e-05
888000,0.0006321839,0.000154755,1.320127e-05
889000,0.0006320456,0.0001545814,1.318644e-05
890000,0.0006319339,0.0001544093,1.317169e-05
891000,0.0006317905000000001,0.0001542365,1.315693e-05
892000,0.0006318546,0.0001540991,1.31437e-05
893000,0.0006317264,0.0001539275,1.312902e-05
894000,0.0006315645,0.0001537556,1.311435e-05
895000,0.0006317012,0.0001536117,1.310089e-05
896000,0.0006317393,0.0001534512,1.308673e-05
897000,0.0006315935,0.0001532806,1.307216e-05
898000,0.0006315101,0.0001531129,1.305773e-05
899000,0.0006313277,0.0001529428,1.304321e-05
900000,0.0006312217,0.0001527742,1.302878e-05
901000,0.0006312771,0.0001526154,1.301478e-05
902000,0.0006311914,0.0001524497,1.30005e-05
903000,0.0006311125,0.0001522842,1.298624e-05
904000,0.0006309927000000001,0.0001521164,1.297191e-05
905000,0.0006308343,0.0001519486,1.295758e-05
906000,0.0006307169,0.0001517838,1.294341e-05
907000,0.0006306465000000001,0.0001516195,1.292927e-05
908000,0.0006305320000000001,0.0001514559,1.291517e-05
909000,0.0006306091,0.000151301,1.290146e-05
910000,0.0006305384000000001,0.0001511388,1.288746e-05
911000,0.000630458,0.0001509757,1.287343e-05
912000,0.000630928,0.000150961,1.286574e-05
913000,0.0006308343,0.0001507968,1.28517e-05
914000,0.0006306822,0.0001506321,1.283765e-05
915000,0.0006309026,0.0001506036,1.282942e-05
916000,0.0006309446,0.000150464,1.281648e-05
917000,0.000630833,0.0001503015,1.280257e-05
918000,0.000630678,0.0001501382,1.278864e-05
919000,0.000630566,0.0001499755,1.277475e-05
920000,0.0006306238,0.0001498244,1.276137e-05
921000,0.0006304867,0.0001496634,1.274759e-05
922000,0.000630679,0.0001496246,1.273902e-05
923000,0.0006307127,0.0001494783,1.272589e-05
924000,0.0006306172,0.0001493184,1.27122e-05
925000,0.0006304734,0.0001491573,1.269847e-05
926000,0.0006304097,0.0001489988,1.268487e-05
927000,0.0006303916,0.0001488495,1.267167e-05
928000,0.000630234,0.0001486894,1.265803e-05
929000,0.0006302391,0.0001485458,1.26451e-05
930000,0.0006301541,0.000148389,1.263163e-05
931000,0.0006300224,0.00014823,1.261808e-05
932000,0.0006299385,0.000148072,1.260459e-05
933000,0.0006298793,0.0001479152,1.259115e-05
934000,0.0006301029,0.0001477875,1.257898e-05
935000,0.0006299993,0.0001476317,1.256562e-05
936000,0.0006299319,0.0001474757,1.255227e-05
937000,0.00062978,0.0001473187,1.253889e-05
938000,0.0006296868,0.0001471636,1.252561e-05
939000,0.0006295795000000001,0.0001470093,1.251237e-05
940000,0.0006294559,0.0001468537,1.249909e-05
941000,0.0006294474,0.0001467026,1.248602e-05
942000,0.0006294807,0.0001465763,1.247402e-05
943000,0.0006296598,0.0001464689,1.246283e-05
944000,0.0006295104,0.000146314,1.244964e-05
945000,0.0006293577,0.0001461596,1.243649e-05
946000,0.0006292505,0.0001460059,1.242337e-05
947000,0.0006290999,0.0001458521,1.241027e-05
948000,0.0006290942,0.0001457037,1.239741e-05
949000,0.0006290161000000001,0.0001455535,1.238449e-05
950000,0.0006292105,0.0001455097,1.237611e-05
951000,0.0006292974,0.0001453643,1.236342e-05
952000,0.0006292729,0.0001452199,1.235079e-05
953000,0.0006291065,0.0001450676,1.233783e-05
954000,0.0006290035,0.0001449182,1.232501e-05
955000,0.0006289111,0.0001447702,1.231226e-05
956000,0.0006288009,0.0001446194,1.229941e-05
957000,0.0006286997000000001,0.000144472,1.228672e-05
958000,0.0006286318,0.0001443238,1.2274e-05
959000,0.0006285006,0.000144174,1.226123e-05
960000,0.0006283617,0.0001440242,1.224848e-05
961000,0.0006282553,0.0001438761,1.223581e-05
962000,0.0006280989,0.0001437271,1.222311e-05
963000,0.0006279304,0.0001435779,1.221042e-05
964000,0.0006278194000000001,0.0001434305,1.219782e-05
965000,0.0006277314,0.0001432834,1.218525e-05
966000,0.0006276613000000001,0.0001431371,1.217272e-05
967000,0.0006275143,0.0001429892,1.216014e-05
968000,0.0006275248,0.0001428475,1.214783e-05
969000,0.0006274412,0.0001427012,1.213534e-05
970000,0.0006274001,0.0001425593,1.212305e-05
971000,0.0006272695,0.0001424129,1.211058e-05
972000,0.0006272032000000001,0.0001422675,1.209817e-05
973000,0.0006271244,0.0001421241,1.208586e-05
974000,0.0006271004,0.0001419882,1.207387e-05
975000,0.0006269623,0.0001418433,1.206152e-05
976000,0.0006268613,0.0001416994,1.204922e-05
977000,0.0006267845,0.0001415576,1.203703e-05
978000,0.0006267121,0.0001414168,1.202489e-05
979000,0.0006266264000000001,0.0001412741,1.201268e-05
980000,0.0006264938,0.0001411304,1.200044e-05
981000,0.0006266696,0.0001410166,1.198949e-05
982000,0.0006266156000000001,0.0001408742,1.197733e-05
983000,0.0006265275,0.0001407322,1.19652e-05
984000,0.0006265055,0.0001406,1.19535e-05
985000,0.0006263688,0.0001404578,1.194139e-05
986000,0.0006263324,0.0001403195,1.192945e-05
987000,0.0006262272,0.0001401786,1.191742e-05
988000,0.0006261859,0.0001400396,1.190548e-05
989000,0.0006260974000000001,0.0001398997,1.189352e-05
990000,0.0006260505,0.00013976,1.188157e-05
991000,0.0006259078,0.0001396193,1.18696e-05
992000,0.0006259233,0.0001394894,1.185809e-05
993000,0.0006261315,0.0001394181,1.184909e-05
994000,0.000625971,0.0001392781,1.183718e-05
995000,0.0006258738,0.0001391412,1.182541e-05
996000,0.000625821,0.0001390104,1.181392e-05
997000,0.0006257286000000001,0.0001388726,1.180214e-05
998000,0.0006276562,0.0001426401,1.195516e-05
999000,0.0006275275000000001,0.0001424977,1.194321e-05
1000000,0.000627575,0.0001423692,1.193186e-05
