simulations,probability_estimate,variance,error
1000,5.580760E-07,2.867309E-11,1.693313E-07
2000,6.207946E-07,1.006541E-10,2.243369E-07
3000,5.052909E-07,6.853409E-11,1.511446E-07
4000,4.271630E-07,5.198463E-11,1.140007E-07
5000,4.658530E-07,5.270623E-11,1.026706E-07
6000,5.277199E-07,1.061676E-10,1.330210E-07
7000,1.243503E-06,3.185085E-09,6.745458E-07
8000,1.346774E-06,3.252188E-09,6.375919E-07
9000,1.241257E-06,2.894203E-09,5.670786E-07
10000,1.166460E-06,2.614543E-09,5.113261E-07
11000,1.098141E-06,2.378725E-09,4.650245E-07
12000,1.041662E-06,2.182719E-09,4.264894E-07
13000,1.016143E-06,2.022382E-09,3.944209E-07
14000,9.768866E-07,1.879124E-09,3.663648E-07
15000,9.273716E-07,1.754230E-09,3.419775E-07
16000,8.950819E-07,1.647267E-09,3.208648E-07
17000,8.527371E-07,1.550587E-09,3.020116E-07
18000,8.155387E-07,1.464928E-09,2.852803E-07
19000,8.080947E-07,1.395317E-09,2.709939E-07
20000,7.874028E-07,1.326378E-09,2.575245E-07
21000,7.633290E-07,1.263587E-09,2.452974E-07
22000,7.453521E-07,1.206710E-09,2.342017E-07
23000,7.241287E-07,1.154453E-09,2.240393E-07
24000,7.123709E-07,1.109011E-09,2.149623E-07
25000,6.904966E-07,1.064747E-09,2.063731E-07
26000,6.681545E-07,1.023828E-09,1.984389E-07
27000,6.496608E-07,9.859779E-10,1.910961E-07
28000,6.849350E-07,1.023259E-09,1.911674E-07
29000,8.557787E-07,1.481396E-09,2.260147E-07
30000,8.756066E-07,1.460648E-09,2.206542E-07
31000,9.295630E-07,1.484162E-09,2.188063E-07
32000,9.071532E-07,1.437996E-09,2.119844E-07
33000,8.869303E-07,1.394543E-09,2.055696E-07
34000,8.701967E-07,1.353794E-09,1.995432E-07
35000,8.836389E-07,1.332217E-09,1.950983E-07
36000,8.731910E-07,1.296286E-09,1.897576E-07
37000,8.666965E-07,1.262974E-09,1.847550E-07
38000,8.706886E-07,1.239567E-09,1.806106E-07
39000,8.559114E-07,1.208167E-09,1.760075E-07
40000,8.410964E-07,1.178141E-09,1.716203E-07
41000,8.366073E-07,1.155824E-09,1.679012E-07
42000,8.577432E-07,1.186822E-09,1.681002E-07
43000,8.524559E-07,1.164925E-09,1.645943E-07
44000,8.431888E-07,1.139314E-09,1.609146E-07
45000,8.281434E-07,1.114085E-09,1.573450E-07
46000,8.184179E-07,1.091247E-09,1.540219E-07
47000,8.042883E-07,1.068077E-09,1.507483E-07
48000,7.891646E-07,1.045847E-09,1.476092E-07
49000,7.809490E-07,1.024924E-09,1.446265E-07
50000,7.729984E-07,1.004724E-09,1.417550E-07
51000,7.745468E-07,9.881340E-10,1.391947E-07
52000,7.674767E-07,9.706069E-10,1.366218E-07
53000,7.612427E-07,9.538174E-10,1.341512E-07
54000,7.741523E-07,9.466071E-10,1.324000E-07
55000,7.646331E-07,9.295219E-10,1.300015E-07
56000,7.593054E-07,9.146166E-10,1.277984E-07
57000,7.502061E-07,8.986497E-10,1.255619E-07
58000,7.604780E-07,8.996623E-10,1.245448E-07
59000,7.561327E-07,8.857868E-10,1.225289E-07
60000,7.809268E-07,9.107654E-10,1.232048E-07
61000,7.717759E-07,8.959155E-10,1.211905E-07
62000,7.752693E-07,8.867864E-10,1.195952E-07
63000,7.789307E-07,8.803511E-10,1.182109E-07
64000,7.737370E-07,8.668095E-10,1.163783E-07
65000,7.719235E-07,8.546032E-10,1.146636E-07
66000,7.682977E-07,8.422898E-10,1.129689E-07
67000,7.616258E-07,8.300491E-10,1.113050E-07
68000,7.538995E-07,8.179502E-10,1.096753E-07
69000,7.806605E-07,8.749698E-10,1.126087E-07
70000,9.844510E-07,3.878105E-09,2.353752E-07
71000,9.798524E-07,3.826059E-09,2.321382E-07
72000,9.758404E-07,3.774321E-09,2.289566E-07
73000,9.715607E-07,3.724236E-09,2.258693E-07
74000,9.645477E-07,3.674470E-09,2.228340E-07
75000,9.708054E-07,3.636214E-09,2.201882E-07
76000,9.730276E-07,3.593889E-09,2.174581E-07
77000,9.635780E-07,3.547287E-09,2.146361E-07
78000,9.576301E-07,3.502733E-09,2.119123E-07
79000,9.699203E-07,3.483194E-09,2.099787E-07
80000,9.705579E-07,3.442950E-09,2.074533E-07
81000,9.599773E-07,3.400463E-09,2.048927E-07
82000,9.529500E-07,3.359239E-09,2.024014E-07
83000,9.464537E-07,3.319098E-09,1.999728E-07
84000,1.033883E-06,3.983197E-09,2.177591E-07
85000,1.032144E-06,3.940387E-09,2.153079E-07
86000,1.024207E-06,3.895051E-09,2.128175E-07
87000,1.013834E-06,3.850297E-09,2.103718E-07
88000,1.009656E-06,3.807338E-09,2.080029E-07
89000,1.022003E-06,3.777861E-09,2.060288E-07
90000,1.015015E-06,3.736084E-09,2.037450E-07
91000,1.055034E-06,3.919253E-09,2.075300E-07
92000,1.052119E-06,3.878191E-09,2.053150E-07
93000,1.116996E-06,4.323157E-09,2.156051E-07
94000,1.108730E-06,4.277252E-09,2.133136E-07
95000,1.100417E-06,4.232434E-09,2.110733E-07
96000,1.091484E-06,4.188399E-09,2.088759E-07
97000,1.082208E-06,4.145247E-09,2.067233E-07
98000,1.074422E-06,4.103321E-09,2.046231E-07
99000,1.074667E-06,4.065258E-09,2.026406E-07
100000,1.067328E-06,4.024682E-09,2.006161E-07
101000,1.070123E-06,3.992008E-09,1.988085E-07
102000,1.064331E-06,3.954006E-09,1.968877E-07
103000,1.059890E-06,3.916241E-09,1.949917E-07
104000,1.061831E-06,3.883253E-09,1.932329E-07
105000,1.056284E-06,3.846966E-09,1.914100E-07
106000,1.050581E-06,3.810990E-09,1.896121E-07
107000,1.062118E-06,3.802180E-09,1.885057E-07
108000,1.056179E-06,3.767104E-09,1.867635E-07
109000,1.049195E-06,3.732662E-09,1.850530E-07
110000,1.043356E-06,3.698979E-09,1.833769E-07
111000,1.035472E-06,3.665701E-09,1.817260E-07
112000,1.036196E-06,3.638882E-09,1.802499E-07
113000,1.029031E-06,3.606759E-09,1.786567E-07
114000,1.022821E-06,3.575215E-09,1.770919E-07
115000,1.023648E-06,3.548045E-09,1.756490E-07
116000,1.020080E-06,3.518332E-09,1.741564E-07
117000,1.012694E-06,3.488288E-09,1.726685E-07
118000,1.005945E-06,3.458775E-09,1.712065E-07
119000,1.005789E-06,3.433977E-09,1.698733E-07
120000,1.013366E-06,3.424942E-09,1.689414E-07
121000,1.007384E-06,3.396702E-09,1.675468E-07
122000,1.005714E-06,3.372141E-09,1.662543E-07
123000,1.007007E-06,3.350273E-09,1.650394E-07
124000,1.102331E-06,4.501902E-09,1.905404E-07
125000,1.095958E-06,4.465965E-09,1.890178E-07
126000,1.090073E-06,4.430601E-09,1.875193E-07
127000,1.086294E-06,4.396073E-09,1.860504E-07
128000,1.078963E-06,4.361743E-09,1.845972E-07
129000,1.075149E-06,4.328407E-09,1.831763E-07
130000,1.069006E-06,4.295169E-09,1.817684E-07
131000,1.064040E-06,4.262504E-09,1.803835E-07
132000,1.056719E-06,4.230223E-09,1.790172E-07
133000,1.052167E-06,4.198794E-09,1.776791E-07
134000,1.058143E-06,4.175900E-09,1.765317E-07
135000,1.069968E-06,4.185201E-09,1.760724E-07
136000,1.068546E-06,4.156533E-09,1.748220E-07
137000,1.062749E-06,4.126290E-09,1.735480E-07
138000,1.056834E-06,4.096414E-09,1.722909E-07
139000,1.067735E-06,4.097599E-09,1.716949E-07
140000,1.065316E-06,4.069418E-09,1.704913E-07
141000,1.061349E-06,4.041262E-09,1.692969E-07
142000,1.060097E-06,4.014291E-09,1.681358E-07
143000,1.060713E-06,3.989731E-09,1.670336E-07
144000,1.061428E-06,3.964408E-09,1.659235E-07
145000,1.057267E-06,3.937545E-09,1.647892E-07
146000,1.068822E-06,3.951332E-09,1.645111E-07
147000,1.065187E-06,3.924827E-09,1.633998E-07
148000,1.060042E-06,3.898370E-09,1.622971E-07
149000,1.054536E-06,3.872250E-09,1.612087E-07
150000,1.051842E-06,3.847478E-09,1.601557E-07
151000,1.047049E-06,3.822046E-09,1.590961E-07
152000,1.056866E-06,3.812370E-09,1.583710E-07
153000,1.062752E-06,3.801106E-09,1.576193E-07
154000,1.057389E-06,3.776469E-09,1.565967E-07
155000,1.052852E-06,3.752204E-09,1.555885E-07
156000,1.048398E-06,3.728264E-09,1.545934E-07
157000,1.043632E-06,3.704600E-09,1.536105E-07
158000,1.038883E-06,3.681230E-09,1.526398E-07
159000,1.043402E-06,3.669378E-09,1.519140E-07
160000,1.038603E-06,3.646515E-09,1.509659E-07
161000,1.037765E-06,3.624789E-09,1.500474E-07
162000,1.072693E-06,3.834071E-09,1.538412E-07
163000,1.067856E-06,3.810677E-09,1.528999E-07
164000,1.062360E-06,3.787460E-09,1.519680E-07
165000,1.057245E-06,3.764530E-09,1.510475E-07
166000,1.052040E-06,3.741881E-09,1.501381E-07
167000,1.047242E-06,3.719503E-09,1.492396E-07
168000,1.041833E-06,3.697372E-09,1.483515E-07
169000,1.043559E-06,3.679929E-09,1.475626E-07
170000,1.039851E-06,3.658484E-09,1.466986E-07
171000,1.035105E-06,3.637175E-09,1.458425E-07
172000,1.035744E-06,3.617669E-09,1.450274E-07
173000,1.035232E-06,3.598838E-09,1.442308E-07
174000,1.030518E-06,3.578184E-09,1.434025E-07
175000,1.025797E-06,3.557757E-09,1.425835E-07
176000,1.020914E-06,3.537552E-09,1.417735E-07
177000,1.016836E-06,3.517620E-09,1.409736E-07
178000,1.015390E-06,3.498463E-09,1.401938E-07
179000,1.010653E-06,3.478945E-09,1.394111E-07
180000,1.007966E-06,3.459885E-09,1.386419E-07
181000,1.005266E-06,3.441154E-09,1.378837E-07
182000,1.016861E-06,3.462017E-09,1.379205E-07
183000,1.013500E-06,3.443174E-09,1.371684E-07
184000,1.045890E-06,3.673430E-09,1.412951E-07
185000,1.525824E-06,4.716017E-08,5.048959E-07
186000,1.521845E-06,4.690725E-08,5.021847E-07
187000,1.515100E-06,4.665644E-08,4.994994E-07
188000,1.508459E-06,4.640833E-08,4.968429E-07
189000,1.505867E-06,4.616390E-08,4.942200E-07
190000,1.498914E-06,4.592095E-08,4.916190E-07
191000,1.493434E-06,4.568070E-08,4.890460E-07
192000,1.489436E-06,4.544330E-08,4.865016E-07
193000,1.483028E-06,4.520788E-08,4.839811E-07
194000,1.477296E-06,4.497501E-08,4.814872E-07
195000,1.481730E-06,4.476120E-08,4.791082E-07
196000,1.477752E-06,4.453355E-08,4.766676E-07
197000,1.480440E-06,4.432185E-08,4.743248E-07
198000,1.479244E-06,4.409951E-08,4.719373E-07
199000,1.473965E-06,4.387832E-08,4.695680E-07
200000,1.467924E-06,4.365898E-08,4.672204E-07
201000,1.462126E-06,4.344185E-08,4.648963E-07
202000,1.459118E-06,4.322878E-08,4.626055E-07
203000,1.460078E-06,4.302313E-08,4.603657E-07
204000,1.455472E-06,4.281237E-08,4.581098E-07
205000,1.449886E-06,4.260358E-08,4.558754E-07
206000,1.446055E-06,4.239735E-08,4.536655E-07
207000,1.445284E-06,4.219529E-08,4.514886E-07
208000,1.445662E-06,4.199673E-08,4.493410E-07
209000,1.439383E-06,4.179581E-08,4.471912E-07
210000,1.456681E-06,4.166386E-08,4.454204E-07
211000,1.451217E-06,4.146649E-08,4.433099E-07
212000,1.445453E-06,4.127092E-08,4.412189E-07
213000,1.439911E-06,4.107726E-08,4.391480E-07
214000,1.434645E-06,4.088537E-08,4.370962E-07
215000,1.437315E-06,4.071111E-08,4.351482E-07
216000,1.434283E-06,4.052322E-08,4.331368E-07
217000,1.430999E-06,4.033720E-08,4.311447E-07
218000,1.427734E-06,4.015270E-08,4.291698E-07
219000,1.422148E-06,3.996939E-08,4.272103E-07
220000,1.416058E-06,3.978772E-08,4.252685E-07
221000,1.410609E-06,3.960771E-08,4.233443E-07
222000,1.404977E-06,3.942931E-08,4.214374E-07
223000,1.403110E-06,3.925316E-08,4.195511E-07
224000,1.398915E-06,3.907811E-08,4.176791E-07
225000,1.394696E-06,3.890460E-08,4.158237E-07
226000,1.390059E-06,3.873257E-08,4.139843E-07
227000,1.386681E-06,3.856258E-08,4.121640E-07
228000,1.384478E-06,3.839436E-08,4.103612E-07
229000,1.379230E-06,3.822672E-08,4.085693E-07
230000,1.378844E-06,3.806236E-08,4.068028E-07
231000,1.379827E-06,3.790296E-08,4.050705E-07
232000,1.377606E-06,3.774111E-08,4.033326E-07
233000,1.399401E-06,3.775177E-08,4.025230E-07
234000,1.394480E-06,3.759047E-08,4.008030E-07
235000,1.392810E-06,3.743337E-08,3.991127E-07
236000,1.390956E-06,3.727699E-08,3.974335E-07
237000,1.386928E-06,3.711981E-08,3.957571E-07
238000,1.384907E-06,3.696472E-08,3.940989E-07
239000,1.381934E-06,3.681061E-08,3.924529E-07
240000,1.378713E-06,3.665761E-08,3.908197E-07
241000,1.374017E-06,3.650553E-08,3.891982E-07
242000,1.370766E-06,3.635492E-08,3.875912E-07
243000,1.371726E-06,3.620946E-08,3.860183E-07
244000,1.367374E-06,3.606115E-08,3.844367E-07
245000,1.363102E-06,3.591409E-08,3.828683E-07
246000,1.358900E-06,3.576819E-08,3.813124E-07
247000,1.354954E-06,3.562347E-08,3.797691E-07
248000,1.383065E-06,3.571365E-08,3.794821E-07
249000,1.378942E-06,3.557036E-08,3.779588E-07
250000,1.375580E-06,3.542827E-08,3.764480E-07
251000,1.372650E-06,3.528777E-08,3.749517E-07
252000,1.368924E-06,3.514794E-08,3.734648E-07
253000,1.878189E-06,8.427876E-08,5.771634E-07
254000,1.871709E-06,8.394699E-08,5.748913E-07
255000,1.865715E-06,8.361784E-08,5.726370E-07
256000,1.859915E-06,8.329129E-08,5.704004E-07
257000,1.854126E-06,8.296734E-08,5.681814E-07
258000,1.848145E-06,8.264587E-08,5.659795E-07
259000,1.843277E-06,8.232720E-08,5.637957E-07
260000,1.837459E-06,8.201060E-08,5.616274E-07
261000,1.833885E-06,8.169734E-08,5.594789E-07
262000,1.828253E-06,8.138561E-08,5.573438E-07
263000,1.823408E-06,8.107672E-08,5.552265E-07
264000,1.817208E-06,8.076963E-08,5.531235E-07
265000,1.814058E-06,8.046749E-08,5.510453E-07
266000,1.809044E-06,8.016537E-08,5.489750E-07
267000,1.803441E-06,7.986516E-08,5.469191E-07
268000,1.798841E-06,7.956741E-08,5.448792E-07
269000,1.792934E-06,7.927166E-08,5.428537E-07
270000,1.787655E-06,7.897812E-08,5.408434E-07
271000,1.785055E-06,7.868756E-08,5.388506E-07
272000,1.780559E-06,7.839875E-08,5.368712E-07
273000,1.775298E-06,7.811169E-08,5.349050E-07
274000,1.771211E-06,7.782685E-08,5.329537E-07
275000,1.766561E-06,7.754399E-08,5.310161E-07
276000,1.761212E-06,7.726307E-08,5.290923E-07
277000,1.756318E-06,7.698424E-08,5.271825E-07
278000,1.751290E-06,7.670736E-08,5.252864E-07
279000,1.763106E-06,7.646360E-08,5.235103E-07
280000,1.760408E-06,7.619249E-08,5.216474E-07
281000,1.758605E-06,7.592269E-08,5.197956E-07
282000,1.752872E-06,7.565347E-08,5.179524E-07
283000,1.750670E-06,7.538770E-08,5.161275E-07
284000,1.751049E-06,7.513034E-08,5.143379E-07
285000,1.747632E-06,7.486750E-08,5.125358E-07
286000,1.742524E-06,7.460578E-08,5.107439E-07
287000,1.737077E-06,7.434584E-08,5.089644E-07
288000,1.732351E-06,7.408779E-08,5.071975E-07
289000,1.728028E-06,7.383173E-08,5.054435E-07
290000,1.723719E-06,7.357736E-08,5.037013E-07
291000,1.720538E-06,7.332541E-08,5.019735E-07
292000,1.716481E-06,7.307480E-08,5.002561E-07
293000,1.715271E-06,7.282912E-08,4.985615E-07
294000,1.711345E-06,7.258159E-08,4.968663E-07
295000,1.707420E-06,7.233572E-08,4.951826E-07
296000,1.703339E-06,7.209172E-08,4.935110E-07
297000,1.700398E-06,7.185000E-08,4.918528E-07
298000,1.695810E-06,7.160894E-08,4.902025E-07
299000,1.690791E-06,7.136946E-08,4.885630E-07
300000,1.688448E-06,7.113299E-08,4.869394E-07
301000,1.685756E-06,7.089731E-08,4.853238E-07
302000,1.684945E-06,7.066500E-08,4.837252E-07
303000,1.682743E-06,7.043309E-08,4.821332E-07
304000,1.683389E-06,7.021021E-08,4.805774E-07
305000,1.683885E-06,6.998362E-08,4.790141E-07
306000,1.679051E-06,6.975494E-08,4.774488E-07
307000,1.676312E-06,6.952815E-08,4.758950E-07
308000,1.671918E-06,6.930250E-08,4.743502E-07
309000,1.670401E-06,6.908146E-08,4.728262E-07
310000,1.667837E-06,6.885896E-08,4.713021E-07
311000,1.665430E-06,6.863822E-08,4.697890E-07
312000,1.661748E-06,6.841843E-08,4.682839E-07
313000,1.657233E-06,6.819988E-08,4.667879E-07
314000,1.660706E-06,6.799983E-08,4.653600E-07
315000,1.658412E-06,6.778470E-08,4.638852E-07
316000,1.653758E-06,6.757022E-08,4.624174E-07
317000,1.649775E-06,6.735721E-08,4.609591E-07
318000,1.648029E-06,6.714673E-08,4.595141E-07
319000,1.644627E-06,6.693671E-08,4.580753E-07
320000,1.641665E-06,6.672804E-08,4.566455E-07
321000,1.638149E-06,6.652037E-08,4.552236E-07
322000,1.633691E-06,6.631380E-08,4.538100E-07
323000,1.631245E-06,6.610906E-08,4.524069E-07
324000,1.631109E-06,6.591095E-08,4.510309E-07
325000,1.629262E-06,6.570921E-08,4.496467E-07
326000,1.626326E-06,6.550781E-08,4.482680E-07
327000,1.623924E-06,6.530805E-08,4.468991E-07
328000,1.622225E-06,6.510991E-08,4.455399E-07
329000,1.618340E-06,6.491206E-08,4.441859E-07
330000,1.614515E-06,6.471548E-08,4.428403E-07
331000,1.610351E-06,6.451999E-08,4.415025E-07
332000,1.606511E-06,6.432571E-08,4.401728E-07
333000,1.602800E-06,6.413263E-08,4.388513E-07
334000,1.599342E-06,6.394068E-08,4.375376E-07
335000,1.595936E-06,6.374991E-08,4.362318E-07
336000,1.596806E-06,6.356465E-08,4.349489E-07
337000,1.593889E-06,6.337626E-08,4.336590E-07
338000,1.589959E-06,6.318879E-08,4.323761E-07
339000,1.596611E-06,6.303278E-08,4.312046E-07
340000,1.592709E-06,6.284741E-08,4.299364E-07
341000,1.589444E-06,6.266332E-08,4.286763E-07
342000,1.588391E-06,6.248201E-08,4.274294E-07
343000,1.586672E-06,6.230033E-08,4.261850E-07
344000,1.583757E-06,6.211935E-08,4.249465E-07
345000,1.579569E-06,6.193931E-08,4.237148E-07
346000,1.581338E-06,6.176728E-08,4.225141E-07
347000,1.577554E-06,6.158934E-08,4.212967E-07
348000,1.575204E-06,6.141312E-08,4.200887E-07
349000,1.573258E-06,6.123781E-08,4.188872E-07
350000,1.570282E-06,6.106298E-08,4.176909E-07
351000,1.566133E-06,6.088902E-08,4.165009E-07
352000,1.565084E-06,6.071847E-08,4.153260E-07
353000,1.561612E-06,6.054650E-08,4.141495E-07
354000,1.558524E-06,6.037558E-08,4.129800E-07
355000,1.557497E-06,6.020698E-08,4.118217E-07
356000,1.566212E-06,6.008808E-08,4.108366E-07
357000,1.568040E-06,5.992590E-08,4.097068E-07
358000,1.565329E-06,5.975874E-08,4.085632E-07
359000,1.561573E-06,5.959230E-08,4.074252E-07
360000,1.559908E-06,5.942751E-08,4.062960E-07
361000,1.556936E-06,5.926297E-08,4.051708E-07
362000,1.554899E-06,5.909994E-08,4.040538E-07
363000,1.552244E-06,5.893724E-08,4.029411E-07
364000,1.551443E-06,5.877838E-08,4.018446E-07
365000,1.568325E-06,5.875642E-08,4.012188E-07
366000,1.564819E-06,5.859591E-08,4.001226E-07
367000,1.561716E-06,5.843631E-08,3.990326E-07
368000,1.561404E-06,5.828154E-08,3.979620E-07
369000,1.558067E-06,5.812362E-08,3.968836E-07
370000,1.555249E-06,5.796676E-08,3.958117E-07
371000,1.554867E-06,5.781324E-08,3.947542E-07
372000,1.552331E-06,5.765808E-08,3.936938E-07
373000,1.551731E-06,5.750463E-08,3.926422E-07
374000,1.548599E-06,5.735091E-08,3.915925E-07
375000,1.548935E-06,5.720240E-08,3.905634E-07
376000,1.545415E-06,5.705029E-08,3.895247E-07
377000,1.542017E-06,5.689901E-08,3.884916E-07
378000,1.543843E-06,5.675401E-08,3.874828E-07
379000,1.540551E-06,5.660429E-08,3.864605E-07
380000,1.538681E-06,5.645566E-08,3.854446E-07
381000,1.547904E-06,5.635474E-08,3.845942E-07
382000,1.544330E-06,5.620723E-08,3.835875E-07
383000,1.540785E-06,5.606048E-08,3.825860E-07
384000,1.537258E-06,5.591450E-08,3.815897E-07
385000,1.533801E-06,5.576928E-08,3.805986E-07
386000,1.532306E-06,5.562532E-08,3.796143E-07
387000,1.528685E-06,5.548159E-08,3.786334E-07
388000,1.525493E-06,5.533863E-08,3.776577E-07
389000,1.522946E-06,5.519659E-08,3.766876E-07
390000,1.525885E-06,5.506633E-08,3.757602E-07
391000,1.523733E-06,5.492578E-08,3.748001E-07
392000,1.521722E-06,5.478654E-08,3.738470E-07
393000,1.527592E-06,5.467931E-08,3.730055E-07
394000,1.527121E-06,5.454241E-08,3.720652E-07
395000,1.525570E-06,5.440480E-08,3.711249E-07
396000,1.523508E-06,5.426763E-08,3.701884E-07
397000,1.522522E-06,5.413204E-08,3.692597E-07
398000,1.519516E-06,5.399608E-08,3.683321E-07
399000,1.517826E-06,5.386168E-08,3.674121E-07
400000,1.515006E-06,5.372709E-08,3.664938E-07
401000,1.514158E-06,5.359572E-08,3.655888E-07
402000,1.512326E-06,5.346291E-08,3.646811E-07
403000,1.509033E-06,5.333025E-08,3.637762E-07
404000,1.506238E-06,5.319832E-08,3.628760E-07
405000,1.503396E-06,5.306701E-08,3.619802E-07
406000,1.501107E-06,5.293653E-08,3.610894E-07
407000,1.498908E-06,5.280663E-08,3.602027E-07
408000,1.495978E-06,5.267723E-08,3.593200E-07
409000,1.493316E-06,5.254854E-08,3.584418E-07
410000,1.491718E-06,5.242076E-08,3.575689E-07
411000,1.491658E-06,5.229526E-08,3.567059E-07
412000,1.499118E-06,5.219158E-08,3.559193E-07
413000,1.496657E-06,5.206533E-08,3.550580E-07
414000,1.495967E-06,5.194106E-08,3.542055E-07
415000,1.493270E-06,5.181596E-08,3.533521E-07
416000,1.490652E-06,5.169145E-08,3.525029E-07
417000,1.488629E-06,5.156764E-08,3.516581E-07
418000,1.487069E-06,5.144519E-08,3.508199E-07
419000,1.484830E-06,5.132250E-08,3.499829E-07
420000,1.482005E-06,5.120034E-08,3.491498E-07
421000,1.479176E-06,5.107876E-08,3.483206E-07
422000,1.479193E-06,5.096164E-08,3.475085E-07
423000,1.476505E-06,5.084119E-08,3.466871E-07
424000,1.473647E-06,5.072131E-08,3.458695E-07
425000,1.471586E-06,5.060211E-08,3.450562E-07
426000,1.468862E-06,5.048335E-08,3.442463E-07
427000,1.473725E-06,5.038687E-08,3.435142E-07
428000,1.471844E-06,5.026931E-08,3.427122E-07
429000,1.469266E-06,5.015218E-08,3.419135E-07
430000,1.466224E-06,5.003555E-08,3.411184E-07
431000,1.478701E-06,5.001954E-08,3.406679E-07
432000,1.475965E-06,4.990382E-08,3.398795E-07
433000,1.479199E-06,4.980383E-08,3.391466E-07
434000,1.476527E-06,4.968910E-08,3.383652E-07
435000,1.474932E-06,4.957519E-08,3.375884E-07
436000,1.476358E-06,4.947091E-08,3.368463E-07
437000,1.473883E-06,4.935777E-08,3.360756E-07
438000,1.472172E-06,4.924519E-08,3.353087E-07
439000,1.469409E-06,4.913303E-08,3.345450E-07
440000,1.467446E-06,4.902174E-08,3.337859E-07
441000,1.464927E-06,4.891063E-08,3.330292E-07
442000,1.465821E-06,4.880498E-08,3.322928E-07
443000,1.463397E-06,4.869489E-08,3.315430E-07
444000,1.460784E-06,4.858524E-08,3.307963E-07
445000,1.458775E-06,4.847624E-08,3.300536E-07
446000,1.456472E-06,4.836763E-08,3.293138E-07
447000,1.454610E-06,4.825966E-08,3.285779E-07
448000,1.456390E-06,4.815701E-08,3.278618E-07
449000,1.454416E-06,4.804992E-08,3.271321E-07
450000,1.452672E-06,4.794349E-08,3.264063E-07
451000,1.450193E-06,4.783724E-08,3.256828E-07
452000,1.449915E-06,4.773294E-08,3.249674E-07
453000,1.454946E-06,4.764817E-08,3.243202E-07
454000,1.452453E-06,4.754325E-08,3.236060E-07
455000,1.449537E-06,4.743877E-08,3.228948E-07
456000,1.447547E-06,4.733503E-08,3.221877E-07
457000,1.447429E-06,4.723317E-08,3.214885E-07
458000,1.451784E-06,4.714254E-08,3.208291E-07
459000,1.449136E-06,4.703985E-08,3.201302E-07
460000,1.446900E-06,4.693763E-08,3.194344E-07
461000,1.445019E-06,4.683597E-08,3.187420E-07
462000,1.442724E-06,4.673463E-08,3.180522E-07
463000,1.440221E-06,4.663371E-08,3.173653E-07
464000,1.465979E-06,4.688662E-08,3.178817E-07
465000,1.463582E-06,4.678581E-08,3.171981E-07
466000,1.460886E-06,4.668543E-08,3.165175E-07
467000,1.459691E-06,4.658595E-08,3.158414E-07
468000,1.458846E-06,4.648745E-08,3.151700E-07
469000,1.463256E-06,4.640166E-08,3.145432E-07
470000,1.462950E-06,4.630427E-08,3.138785E-07
471000,1.462582E-06,4.620673E-08,3.132147E-07
472000,1.459775E-06,4.610885E-08,3.125512E-07
473000,1.457570E-06,4.601155E-08,3.118910E-07
474000,1.455281E-06,4.591451E-08,3.112331E-07
475000,1.452620E-06,4.581786E-08,3.105779E-07
476000,1.450545E-06,4.572168E-08,3.099257E-07
477000,1.449875E-06,4.562782E-08,3.092827E-07
478000,1.447901E-06,4.553247E-08,3.086361E-07
479000,1.445549E-06,4.543749E-08,3.079920E-07
480000,1.443025E-06,4.534285E-08,3.073504E-07
481000,1.440536E-06,4.524859E-08,3.067115E-07
482000,1.438305E-06,4.515476E-08,3.060753E-07
483000,1.435799E-06,4.506128E-08,3.054416E-07
484000,1.438033E-06,4.497688E-08,3.048400E-07
485000,1.436129E-06,4.488426E-08,3.042119E-07
486000,1.433515E-06,4.479192E-08,3.035860E-07
487000,1.431128E-06,4.469996E-08,3.029626E-07
488000,1.430717E-06,4.460957E-08,3.023459E-07
489000,1.429525E-06,4.451854E-08,3.017283E-07
490000,1.427306E-06,4.442774E-08,3.011127E-07
491000,1.425535E-06,4.433735E-08,3.004998E-07
492000,1.423164E-06,4.424725E-08,2.998890E-07
493000,1.420634E-06,4.415751E-08,2.992808E-07
494000,1.418359E-06,4.406816E-08,2.986751E-07
495000,1.418597E-06,4.398154E-08,2.980798E-07
496000,1.417863E-06,4.389329E-08,2.974803E-07
497000,1.415297E-06,4.380498E-08,2.968818E-07
498000,1.413628E-06,4.371729E-08,2.962866E-07
499000,1.411299E-06,4.362971E-08,2.956929E-07
500000,1.413203E-06,4.354610E-08,2.951139E-07
501000,1.410882E-06,4.345923E-08,2.945250E-07
502000,1.409956E-06,4.337325E-08,2.939403E-07
503000,1.407382E-06,4.328703E-08,2.933559E-07
504000,1.405275E-06,4.320117E-08,2.927740E-07
505000,1.408328E-06,4.312092E-08,2.922122E-07
506000,1.405923E-06,4.303571E-08,2.916347E-07
507000,1.403759E-06,4.295089E-08,2.910597E-07
508000,1.410484E-06,4.288627E-08,2.905543E-07
509000,1.408373E-06,4.280205E-08,2.899836E-07
510000,1.406836E-06,4.271848E-08,2.894162E-07
511000,1.404555E-06,4.263489E-08,2.888498E-07
512000,1.402198E-06,4.255163E-08,2.882857E-07
513000,1.400118E-06,4.246872E-08,2.877239E-07
514000,1.398096E-06,4.238613E-08,2.871642E-07
515000,1.395895E-06,4.230386E-08,2.866067E-07
516000,1.394602E-06,4.222205E-08,2.860519E-07
517000,1.436833E-06,4.313490E-08,2.888478E-07
518000,1.435468E-06,4.305183E-08,2.882909E-07
519000,1.433390E-06,4.296891E-08,2.877355E-07
520000,1.436048E-06,4.289674E-08,2.872172E-07
521000,1.436091E-06,4.281610E-08,2.866716E-07
522000,1.434165E-06,4.273416E-08,2.861227E-07
523000,1.432259E-06,4.265263E-08,2.855762E-07
524000,1.429774E-06,4.257124E-08,2.850313E-07
525000,1.427912E-06,4.249031E-08,2.844889E-07
526000,1.425926E-06,4.240961E-08,2.839483E-07
527000,1.429362E-06,4.234223E-08,2.834533E-07
528000,1.427219E-06,4.226208E-08,2.829166E-07
529000,1.428036E-06,4.218340E-08,2.823859E-07
530000,1.425843E-06,4.210382E-08,2.818531E-07
531000,1.423606E-06,4.202454E-08,2.813223E-07
532000,1.434924E-06,4.204371E-08,2.811219E-07
533000,1.432990E-06,4.196494E-08,2.805948E-07
534000,1.431955E-06,4.188699E-08,2.800715E-07
535000,1.429867E-06,4.180874E-08,2.795482E-07
536000,1.428746E-06,4.173130E-08,2.790285E-07
537000,1.426831E-06,4.165366E-08,2.785091E-07
538000,1.427245E-06,4.157828E-08,2.779983E-07
539000,1.425047E-06,4.150116E-08,2.774826E-07
540000,1.423153E-06,4.142436E-08,2.769689E-07
541000,1.422266E-06,4.134869E-08,2.764600E-07
542000,1.421113E-06,4.127257E-08,2.759505E-07
543000,1.418960E-06,4.119658E-08,2.754423E-07
544000,1.416901E-06,4.112092E-08,2.749362E-07
545000,1.414882E-06,4.104549E-08,2.744318E-07
546000,1.413019E-06,4.097040E-08,2.739295E-07
547000,1.412570E-06,4.089648E-08,2.734320E-07
548000,1.424942E-06,4.092341E-08,2.732723E-07
549000,1.425638E-06,4.085190E-08,2.727847E-07
550000,1.424204E-06,4.077787E-08,2.722895E-07
551000,1.422315E-06,4.070391E-08,2.717955E-07
552000,1.420270E-06,4.063020E-08,2.713032E-07
553000,1.418948E-06,4.055704E-08,2.708136E-07
554000,1.417726E-06,4.048398E-08,2.703253E-07
555000,1.415940E-06,4.041111E-08,2.698385E-07
556000,1.414325E-06,4.033849E-08,2.693534E-07
557000,1.412803E-06,4.026623E-08,2.688703E-07
558000,1.413193E-06,4.019764E-08,2.684004E-07
559000,1.410963E-06,4.012574E-08,2.679203E-07
560000,1.409353E-06,4.005414E-08,2.674420E-07
561000,1.407633E-06,3.998281E-08,2.669655E-07
562000,1.405743E-06,3.991169E-08,2.664906E-07
563000,1.403812E-06,3.984084E-08,2.660174E-07
564000,1.402339E-06,3.977034E-08,2.655462E-07
565000,1.401446E-06,3.970049E-08,2.650780E-07
566000,1.399540E-06,3.963036E-08,2.646097E-07
567000,1.397352E-06,3.956048E-08,2.641431E-07
568000,1.395214E-06,3.949084E-08,2.636781E-07
569000,1.393088E-06,3.942144E-08,2.632147E-07
570000,1.391774E-06,3.935253E-08,2.627537E-07
571000,1.389608E-06,3.928361E-08,2.622936E-07
572000,1.388056E-06,3.921502E-08,2.618353E-07
573000,1.386360E-06,3.914661E-08,2.613784E-07
574000,1.411785E-06,3.933008E-08,2.617619E-07
575000,1.409786E-06,3.926169E-08,2.613067E-07
576000,1.409325E-06,3.919415E-08,2.608551E-07
577000,1.407977E-06,3.912661E-08,2.604043E-07
578000,1.405912E-06,3.905892E-08,2.599538E-07
579000,1.405011E-06,3.899168E-08,2.595056E-07
580000,1.413888E-06,3.898642E-08,2.592643E-07
581000,1.411739E-06,3.891933E-08,2.588181E-07
582000,1.409962E-06,3.885249E-08,2.583735E-07
583000,1.407947E-06,3.878586E-08,2.579303E-07
584000,1.443843E-06,3.955479E-08,2.602514E-07
585000,1.441884E-06,3.948719E-08,2.598066E-07
586000,1.440365E-06,3.941987E-08,2.593635E-07
587000,1.438587E-06,3.935275E-08,2.589217E-07
588000,1.436781E-06,3.928585E-08,2.584815E-07
589000,1.438200E-06,3.922591E-08,2.580648E-07
590000,1.436126E-06,3.915943E-08,2.576275E-07
591000,1.434221E-06,3.909321E-08,2.571917E-07
592000,1.432499E-06,3.902722E-08,2.567574E-07
593000,1.431482E-06,3.896186E-08,2.563259E-07
594000,1.429417E-06,3.889628E-08,2.558944E-07
595000,1.428948E-06,3.883244E-08,2.554694E-07
596000,1.429421E-06,3.877014E-08,2.550501E-07
597000,1.432459E-06,3.871544E-08,2.546566E-07
598000,1.432882E-06,3.865372E-08,2.542407E-07
599000,1.431035E-06,3.858924E-08,2.538164E-07
600000,1.430888E-06,3.852704E-08,2.534004E-07
601000,1.432228E-06,3.846802E-08,2.529954E-07
602000,1.430927E-06,3.840425E-08,2.525756E-07
603000,1.429457E-06,3.834066E-08,2.521571E-07
604000,1.427481E-06,3.827720E-08,2.517396E-07
605000,1.425572E-06,3.821394E-08,2.513236E-07
606000,1.424506E-06,3.815137E-08,2.509104E-07
607000,1.422422E-06,3.808852E-08,2.504971E-07
608000,1.420743E-06,3.802593E-08,2.500853E-07
609000,1.418881E-06,3.796350E-08,2.496747E-07
610000,1.416821E-06,3.790127E-08,2.492654E-07
611000,1.415220E-06,3.783933E-08,2.488577E-07
612000,1.413244E-06,3.777752E-08,2.484511E-07
613000,1.411260E-06,3.771590E-08,2.480459E-07
614000,1.410523E-06,3.765481E-08,2.476430E-07
615000,1.412984E-06,3.760415E-08,2.472751E-07
616000,1.412702E-06,3.754475E-08,2.468791E-07
617000,1.410744E-06,3.748391E-08,2.464790E-07
618000,1.409342E-06,3.742349E-08,2.460809E-07
619000,1.409362E-06,3.736411E-08,2.456869E-07
620000,1.408740E-06,3.730440E-08,2.452924E-07
621000,1.406845E-06,3.724434E-08,2.448975E-07
622000,1.407812E-06,3.718649E-08,2.445104E-07
623000,1.405913E-06,3.712681E-08,2.441180E-07
624000,1.404083E-06,3.706733E-08,2.437268E-07
625000,1.403046E-06,3.700824E-08,2.433376E-07
626000,1.400962E-06,3.694912E-08,2.429489E-07
627000,1.399976E-06,3.689047E-08,2.425623E-07
628000,1.398582E-06,3.683194E-08,2.421768E-07
629000,1.396848E-06,3.677340E-08,2.417918E-07
630000,1.395629E-06,3.671512E-08,2.414083E-07
631000,1.395321E-06,3.665721E-08,2.410266E-07
632000,1.394034E-06,3.659929E-08,2.406455E-07
633000,1.392949E-06,3.654168E-08,2.402660E-07
634000,1.391074E-06,3.648406E-08,2.398871E-07
635000,1.389702E-06,3.642665E-08,2.395095E-07
636000,1.388630E-06,3.636948E-08,2.391332E-07
637000,1.390680E-06,3.632168E-08,2.387884E-07
638000,1.388820E-06,3.626476E-08,2.384142E-07
639000,1.386986E-06,3.620802E-08,2.380411E-07
640000,1.385292E-06,3.615146E-08,2.376692E-07
641000,1.384315E-06,3.609523E-08,2.372990E-07
642000,1.382786E-06,3.603907E-08,2.369296E-07
643000,1.384358E-06,3.599051E-08,2.365857E-07
644000,1.382540E-06,3.593464E-08,2.362184E-07
645000,1.380861E-06,3.587896E-08,2.358523E-07
646000,1.379335E-06,3.582346E-08,2.354873E-07
647000,1.377801E-06,3.576812E-08,2.351234E-07
648000,1.376459E-06,3.571308E-08,2.347611E-07
649000,1.381278E-06,3.568575E-08,2.344904E-07
650000,1.380106E-06,3.563100E-08,2.341301E-07
651000,1.378542E-06,3.557632E-08,2.337707E-07
652000,1.377452E-06,3.552195E-08,2.334128E-07
653000,1.380355E-06,3.547071E-08,2.330657E-07
654000,1.383755E-06,3.542266E-08,2.327296E-07
655000,1.382056E-06,3.536859E-08,2.323744E-07
656000,1.382453E-06,3.531657E-08,2.320264E-07
657000,1.382046E-06,3.526329E-08,2.316748E-07
658000,1.380386E-06,3.520972E-08,2.313227E-07
659000,1.378895E-06,3.515634E-08,2.309719E-07
660000,1.377114E-06,3.510309E-08,2.306220E-07
661000,1.375723E-06,3.505006E-08,2.302733E-07
662000,1.376840E-06,3.500257E-08,2.299434E-07
663000,1.376874E-06,3.495096E-08,2.296005E-07
664000,1.377046E-06,3.489912E-08,2.292573E-07
665000,1.377590E-06,3.484910E-08,2.289206E-07
666000,1.376058E-06,3.479680E-08,2.285770E-07
667000,1.375173E-06,3.474473E-08,2.282346E-07
668000,1.373804E-06,3.469276E-08,2.278931E-07
669000,1.372174E-06,3.464092E-08,2.275525E-07
670000,1.372151E-06,3.459030E-08,2.272165E-07
671000,1.370573E-06,3.453876E-08,2.268779E-07
672000,1.370109E-06,3.448849E-08,2.265439E-07
673000,1.369243E-06,3.443737E-08,2.262077E-07
674000,1.367676E-06,3.438629E-08,2.258722E-07
675000,1.366860E-06,3.433578E-08,2.255389E-07
676000,1.365368E-06,3.428501E-08,2.252054E-07
677000,1.364840E-06,3.423517E-08,2.248754E-07
678000,1.363095E-06,3.418468E-08,2.245437E-07
679000,1.361692E-06,3.413436E-08,2.242131E-07
680000,1.362011E-06,3.408691E-08,2.238924E-07
681000,1.374565E-06,3.416010E-08,2.239680E-07
682000,1.373111E-06,3.411005E-08,2.236397E-07
683000,1.372805E-06,3.406069E-08,2.233142E-07
684000,1.372052E-06,3.401131E-08,2.229891E-07
685000,1.372998E-06,3.396366E-08,2.226701E-07
686000,1.371336E-06,3.391416E-08,2.223456E-07
687000,1.369808E-06,3.386482E-08,2.220220E-07
688000,1.370698E-06,3.382039E-08,2.217150E-07
689000,1.369408E-06,3.377136E-08,2.213934E-07
690000,1.367729E-06,3.372243E-08,2.210726E-07
691000,1.367354E-06,3.367394E-08,2.207537E-07
692000,1.367526E-06,3.362600E-08,2.204370E-07
693000,1.365729E-06,3.357748E-08,2.201190E-07
694000,1.364509E-06,3.352925E-08,2.198023E-07
695000,1.363761E-06,3.348160E-08,2.194880E-07
696000,1.362493E-06,3.343364E-08,2.191731E-07
697000,1.361054E-06,3.338569E-08,2.188587E-07
698000,1.359491E-06,3.333787E-08,2.185452E-07
699000,1.358068E-06,3.329021E-08,2.182326E-07
700000,1.356853E-06,3.324270E-08,2.179210E-07
701000,1.359141E-06,3.320241E-08,2.176335E-07
702000,1.359154E-06,3.315596E-08,2.173263E-07
703000,1.357521E-06,3.310880E-08,2.170172E-07
704000,1.356531E-06,3.306200E-08,2.167096E-07
705000,1.357135E-06,3.301699E-08,2.164084E-07
706000,1.355792E-06,3.297030E-08,2.161022E-07
707000,1.354164E-06,3.292367E-08,2.157965E-07
708000,1.353489E-06,3.287749E-08,2.154928E-07
709000,1.352007E-06,3.283116E-08,2.151890E-07
710000,1.350857E-06,3.278501E-08,2.148862E-07
711000,1.349406E-06,3.273893E-08,2.145840E-07
712000,1.354298E-06,3.271659E-08,2.143601E-07
713000,1.352834E-06,3.267072E-08,2.140595E-07
714000,1.351367E-06,3.262497E-08,2.137598E-07
715000,1.349951E-06,3.257937E-08,2.134609E-07
716000,1.348547E-06,3.253389E-08,2.131628E-07
717000,1.347507E-06,3.248866E-08,2.128660E-07
718000,1.346054E-06,3.244344E-08,2.125696E-07
719000,1.344453E-06,3.239832E-08,2.122740E-07
720000,1.342905E-06,3.235333E-08,2.119792E-07
721000,1.341343E-06,3.230847E-08,2.116852E-07
722000,1.339786E-06,3.226372E-08,2.113920E-07
723000,1.338464E-06,3.221912E-08,2.110997E-07
724000,1.339517E-06,3.217771E-08,2.108183E-07
725000,1.339512E-06,3.213458E-08,2.105316E-07
726000,1.338231E-06,3.209036E-08,2.102418E-07
727000,1.336733E-06,3.204623E-08,2.099526E-07
728000,1.335663E-06,3.200231E-08,2.096645E-07
729000,1.335424E-06,3.195970E-08,2.093812E-07
730000,1.333958E-06,3.191593E-08,2.090944E-07
731000,1.332391E-06,3.187228E-08,2.088084E-07
732000,1.332092E-06,3.182917E-08,2.085245E-07
733000,1.331074E-06,3.178583E-08,2.082403E-07
734000,1.329766E-06,3.174255E-08,2.079567E-07
735000,1.328966E-06,3.169981E-08,2.076752E-07
736000,1.328386E-06,3.165702E-08,2.073940E-07
737000,1.327203E-06,3.161424E-08,2.071131E-07
738000,1.328805E-06,3.157446E-08,2.068425E-07
739000,1.334628E-06,3.156886E-08,2.066842E-07
740000,1.333588E-06,3.152628E-08,2.064051E-07
741000,1.332771E-06,3.148391E-08,2.061272E-07
742000,1.331795E-06,3.144162E-08,2.058498E-07
743000,1.330433E-06,3.139931E-08,2.055728E-07
744000,1.329286E-06,3.135726E-08,2.052970E-07
745000,1.327802E-06,3.131518E-08,2.050215E-07
746000,1.326466E-06,3.127322E-08,2.047467E-07
747000,1.324924E-06,3.123136E-08,2.044726E-07
748000,1.324265E-06,3.118983E-08,2.042000E-07
749000,1.325022E-06,3.115171E-08,2.039389E-07
750000,1.323671E-06,3.111020E-08,2.036670E-07
751000,1.324665E-06,3.107072E-08,2.034022E-07
752000,1.323541E-06,3.102943E-08,2.031318E-07
753000,1.322372E-06,3.098829E-08,2.028623E-07
754000,1.321142E-06,3.094724E-08,2.025934E-07
755000,1.320223E-06,3.090636E-08,2.023254E-07
756000,1.318759E-06,3.086550E-08,2.020579E-07
757000,1.317334E-06,3.082473E-08,2.017910E-07
758000,1.315903E-06,3.078408E-08,2.015248E-07
759000,1.314593E-06,3.074353E-08,2.012593E-07
760000,1.313459E-06,3.070314E-08,2.009947E-07
761000,1.312132E-06,3.066280E-08,2.007306E-07
762000,1.311053E-06,3.062263E-08,2.004674E-07
763000,1.312642E-06,3.058806E-08,2.002229E-07
764000,1.311479E-06,3.054805E-08,1.999609E-07
765000,1.310776E-06,3.050835E-08,1.997003E-07
766000,1.309317E-06,3.046853E-08,1.994396E-07
767000,1.309032E-06,3.042918E-08,1.991808E-07
768000,1.310372E-06,3.039500E-08,1.989392E-07
769000,1.312048E-06,3.035741E-08,1.986869E-07
770000,1.311488E-06,3.031861E-08,1.984309E-07
771000,1.310013E-06,3.027929E-08,1.981735E-07
772000,1.324025E-06,3.040661E-08,1.984611E-07
773000,1.322995E-06,3.036732E-08,1.982045E-07
774000,1.322233E-06,3.032823E-08,1.979489E-07
775000,1.320903E-06,3.028911E-08,1.976935E-07
776000,1.319470E-06,3.025009E-08,1.974388E-07
777000,1.318826E-06,3.021168E-08,1.971864E-07
778000,1.317665E-06,3.017287E-08,1.969330E-07
779000,1.316246E-06,3.013415E-08,1.966802E-07
780000,1.315386E-06,3.009568E-08,1.964286E-07
781000,1.314038E-06,3.005715E-08,1.961771E-07
782000,1.312630E-06,3.001872E-08,1.959263E-07
783000,1.312996E-06,2.998235E-08,1.956825E-07
784000,1.312007E-06,2.994431E-08,1.954335E-07
785000,1.311236E-06,2.990647E-08,1.951856E-07
786000,1.310223E-06,2.986849E-08,1.949375E-07
787000,1.309971E-06,2.983103E-08,1.946914E-07
788000,1.309439E-06,2.979356E-08,1.944456E-07
789000,1.307923E-06,2.975580E-08,1.941991E-07
790000,1.306501E-06,2.971814E-08,1.939533E-07
791000,1.305329E-06,2.968059E-08,1.937082E-07
792000,1.304777E-06,2.964339E-08,1.934645E-07
793000,1.303447E-06,2.960601E-08,1.932206E-07
794000,1.302208E-06,2.956875E-08,1.929773E-07
795000,1.301664E-06,2.953207E-08,1.927362E-07
796000,1.300452E-06,2.949499E-08,1.924942E-07
797000,1.301579E-06,2.945982E-08,1.922586E-07
798000,1.300748E-06,2.942305E-08,1.920182E-07
799000,1.300138E-06,2.938638E-08,1.917784E-07
800000,1.299527E-06,2.934989E-08,1.915395E-07
801000,1.298985E-06,2.931369E-08,1.913018E-07
802000,1.298134E-06,2.927719E-08,1.910634E-07
803000,1.302990E-06,2.926444E-08,1.909028E-07
804000,1.301928E-06,2.922808E-08,1.906655E-07
805000,1.301525E-06,2.919205E-08,1.904295E-07
806000,1.300554E-06,2.915589E-08,1.901935E-07
807000,1.299348E-06,2.911980E-08,1.899579E-07
808000,1.298272E-06,2.908379E-08,1.897229E-07
809000,1.297138E-06,2.904786E-08,1.894885E-07
810000,1.295884E-06,2.901201E-08,1.892546E-07
811000,1.294578E-06,2.897624E-08,1.890212E-07
812000,1.293281E-06,2.894057E-08,1.887885E-07
813000,1.291999E-06,2.890498E-08,1.885563E-07
814000,1.291822E-06,2.887015E-08,1.883269E-07
815000,1.290734E-06,2.883475E-08,1.880959E-07
816000,1.289456E-06,2.879943E-08,1.878654E-07
817000,1.288108E-06,2.876418E-08,1.876355E-07
818000,1.288457E-06,2.873051E-08,1.874110E-07
819000,1.287135E-06,2.869544E-08,1.871822E-07
820000,1.286483E-06,2.866053E-08,1.869542E-07
821000,1.285116E-06,2.862563E-08,1.867265E-07
822000,1.283939E-06,2.859083E-08,1.864994E-07
823000,1.282852E-06,2.855611E-08,1.862729E-07
824000,1.282143E-06,2.852161E-08,1.860473E-07
825000,1.281166E-06,2.848708E-08,1.858219E-07
826000,1.279855E-06,2.845261E-08,1.855970E-07
827000,1.279139E-06,2.841843E-08,1.853734E-07
828000,1.280616E-06,2.838760E-08,1.851609E-07
829000,1.279488E-06,2.835338E-08,1.849376E-07
830000,1.279239E-06,2.831949E-08,1.847156E-07
831000,1.279136E-06,2.828615E-08,1.844958E-07
832000,1.277905E-06,2.825216E-08,1.842740E-07
833000,1.277144E-06,2.821839E-08,1.840533E-07
834000,1.276651E-06,2.818478E-08,1.838334E-07
835000,1.275407E-06,2.815103E-08,1.836132E-07
836000,1.275665E-06,2.811902E-08,1.833990E-07
837000,1.275872E-06,2.808607E-08,1.831820E-07
838000,1.275588E-06,2.805287E-08,1.829644E-07
839000,1.274510E-06,2.801946E-08,1.827464E-07
840000,1.274530E-06,2.798700E-08,1.825318E-07
841000,1.273423E-06,2.795375E-08,1.823148E-07
842000,1.272548E-06,2.792061E-08,1.820985E-07
843000,1.272009E-06,2.788772E-08,1.818833E-07
844000,1.270939E-06,2.785470E-08,1.816678E-07
845000,1.271432E-06,2.782266E-08,1.814559E-07
846000,1.270594E-06,2.778984E-08,1.812416E-07
847000,1.269274E-06,2.775703E-08,1.810276E-07
848000,1.269169E-06,2.772467E-08,1.808153E-07
849000,1.268208E-06,2.769205E-08,1.806025E-07
850000,1.266976E-06,2.765948E-08,1.803900E-07
851000,1.266108E-06,2.762707E-08,1.801784E-07
852000,1.266014E-06,2.759508E-08,1.799683E-07
853000,1.264934E-06,2.756275E-08,1.797574E-07
854000,1.265672E-06,2.753170E-08,1.795509E-07
855000,1.265970E-06,2.750130E-08,1.793468E-07
856000,1.266034E-06,2.746997E-08,1.791399E-07
857000,1.265774E-06,2.743888E-08,1.789340E-07
858000,1.265648E-06,2.740776E-08,1.787282E-07
859000,1.264405E-06,2.737586E-08,1.785202E-07
860000,1.263544E-06,2.734408E-08,1.783128E-07
861000,1.264559E-06,2.731648E-08,1.781192E-07
862000,1.263398E-06,2.728480E-08,1.779126E-07
863000,1.262705E-06,2.725324E-08,1.777066E-07
864000,1.262155E-06,2.722185E-08,1.775015E-07
865000,1.261110E-06,2.719041E-08,1.772964E-07
866000,1.259901E-06,2.715903E-08,1.770917E-07
867000,1.259509E-06,2.712810E-08,1.768887E-07
868000,1.259423E-06,2.709819E-08,1.766893E-07
869000,1.258240E-06,2.706701E-08,1.764860E-07
870000,1.257479E-06,2.703601E-08,1.762835E-07
871000,1.257640E-06,2.700558E-08,1.760831E-07
872000,1.256854E-06,2.697468E-08,1.758814E-07
873000,1.256009E-06,2.694385E-08,1.756801E-07
874000,1.255133E-06,2.691306E-08,1.754793E-07
875000,1.254018E-06,2.688231E-08,1.752787E-07
876000,1.252871E-06,2.685162E-08,1.750787E-07
877000,1.251697E-06,2.682101E-08,1.748791E-07
878000,1.251299E-06,2.679092E-08,1.746814E-07
879000,1.251273E-06,2.676151E-08,1.744861E-07
880000,1.251728E-06,2.673279E-08,1.742934E-07
881000,1.250862E-06,2.670255E-08,1.740959E-07
882000,1.250245E-06,2.667235E-08,1.738987E-07
883000,1.249270E-06,2.664218E-08,1.737019E-07
884000,1.248574E-06,2.661209E-08,1.735056E-07
885000,1.248005E-06,2.658215E-08,1.733099E-07
886000,1.247533E-06,2.655235E-08,1.731150E-07
887000,1.246495E-06,2.652243E-08,1.729198E-07
888000,1.245397E-06,2.649257E-08,1.727251E-07
889000,1.244332E-06,2.646279E-08,1.725309E-07
890000,1.256444E-06,2.655619E-08,1.727380E-07
891000,1.256171E-06,2.652700E-08,1.725461E-07
892000,1.255381E-06,2.649746E-08,1.723534E-07
893000,1.255060E-06,2.646833E-08,1.721621E-07
894000,1.254384E-06,2.643888E-08,1.719700E-07
895000,1.253214E-06,2.640935E-08,1.717779E-07
896000,1.251987E-06,2.637988E-08,1.715862E-07
897000,1.252308E-06,2.635122E-08,1.713974E-07
898000,1.251902E-06,2.632219E-08,1.712075E-07
899000,1.251321E-06,2.629307E-08,1.710176E-07
900000,1.251012E-06,2.626436E-08,1.708292E-07
901000,1.249937E-06,2.623523E-08,1.706397E-07
902000,1.248834E-06,2.620616E-08,1.704506E-07
903000,1.247861E-06,2.617716E-08,1.702619E-07
904000,1.247269E-06,2.614838E-08,1.700741E-07
905000,1.248715E-06,2.612348E-08,1.698992E-07
906000,1.247750E-06,2.609468E-08,1.697117E-07
907000,1.246532E-06,2.606591E-08,1.695246E-07
908000,1.245277E-06,2.603721E-08,1.693379E-07
909000,1.245640E-06,2.600942E-08,1.691544E-07
910000,1.276490E-06,2.646522E-08,1.705364E-07
911000,1.283522E-06,2.648473E-08,1.705056E-07
912000,1.282345E-06,2.645570E-08,1.703186E-07
913000,1.281153E-06,2.642673E-08,1.701321E-07
914000,1.281554E-06,2.639977E-08,1.699523E-07
915000,1.281352E-06,2.637119E-08,1.697674E-07
916000,1.280103E-06,2.634240E-08,1.695821E-07
917000,1.279047E-06,2.631369E-08,1.693972E-07
918000,1.278128E-06,2.628513E-08,1.692130E-07
919000,1.277712E-06,2.625674E-08,1.690295E-07
920000,1.276753E-06,2.622822E-08,1.688459E-07
921000,1.275698E-06,2.619975E-08,1.686626E-07
922000,1.275315E-06,2.617157E-08,1.684804E-07
923000,1.274621E-06,2.614331E-08,1.682982E-07
924000,1.275705E-06,2.611785E-08,1.681252E-07
925000,1.274858E-06,2.608967E-08,1.679436E-07
926000,1.273707E-06,2.606151E-08,1.677623E-07
927000,1.273209E-06,2.603356E-08,1.675818E-07
928000,1.273074E-06,2.600651E-08,1.674045E-07
929000,1.271914E-06,2.597852E-08,1.672243E-07
930000,1.270875E-06,2.595061E-08,1.670446E-07
931000,1.270419E-06,2.592293E-08,1.668657E-07
932000,1.269769E-06,2.589528E-08,1.666872E-07
933000,1.268933E-06,2.586754E-08,1.665086E-07
934000,1.268086E-06,2.583988E-08,1.663305E-07
935000,1.268435E-06,2.581291E-08,1.661547E-07
936000,1.269582E-06,2.578743E-08,1.659840E-07
937000,1.269784E-06,2.576113E-08,1.658107E-07
938000,1.272422E-06,2.574543E-08,1.656718E-07
939000,1.272633E-06,2.571851E-08,1.654970E-07
940000,1.273726E-06,2.569521E-08,1.653340E-07
941000,1.272783E-06,2.566795E-08,1.651584E-07
942000,1.271788E-06,2.564072E-08,1.649832E-07
943000,1.284218E-06,2.577300E-08,1.653205E-07
944000,1.285491E-06,2.575093E-08,1.651621E-07
945000,1.284798E-06,2.572384E-08,1.649879E-07
946000,1.283776E-06,2.569666E-08,1.648135E-07
947000,1.283065E-06,2.566959E-08,1.646397E-07
948000,1.282074E-06,2.564253E-08,1.644661E-07
949000,1.281405E-06,2.561561E-08,1.642931E-07
950000,1.280837E-06,2.558881E-08,1.641207E-07
951000,1.279982E-06,2.556194E-08,1.639482E-07
952000,1.279695E-06,2.553527E-08,1.637766E-07
953000,1.278575E-06,2.550848E-08,1.636047E-07
954000,1.278450E-06,2.548208E-08,1.634343E-07
955000,1.277788E-06,2.545550E-08,1.632635E-07
956000,1.276741E-06,2.542889E-08,1.630928E-07
957000,1.275661E-06,2.540233E-08,1.629224E-07
958000,1.275015E-06,2.537597E-08,1.627528E-07
959000,1.274230E-06,2.534964E-08,1.625835E-07
960000,1.273329E-06,2.532325E-08,1.624142E-07
961000,1.272279E-06,2.529691E-08,1.622453E-07
962000,1.271566E-06,2.527069E-08,1.620768E-07
963000,1.271671E-06,2.524580E-08,1.619129E-07
964000,1.270720E-06,2.521962E-08,1.617450E-07
965000,1.269938E-06,2.519360E-08,1.615777E-07
966000,1.269083E-06,2.516759E-08,1.614107E-07
967000,1.268051E-06,2.514157E-08,1.612438E-07
968000,1.266946E-06,2.511561E-08,1.610772E-07
969000,1.265850E-06,2.508969E-08,1.609110E-07
970000,1.264934E-06,2.506385E-08,1.607452E-07
971000,1.264757E-06,2.503836E-08,1.605807E-07
972000,1.263831E-06,2.501262E-08,1.604156E-07
973000,1.262976E-06,2.498697E-08,1.602509E-07
974000,1.262571E-06,2.496183E-08,1.600880E-07
975000,1.262499E-06,2.493700E-08,1.599263E-07
976000,1.261510E-06,2.491148E-08,1.597625E-07
977000,1.260689E-06,2.488602E-08,1.595991E-07
978000,1.259919E-06,2.486060E-08,1.594360E-07
979000,1.264255E-06,2.486150E-08,1.593574E-07
980000,1.263630E-06,2.483622E-08,1.591951E-07
981000,1.263520E-06,2.481124E-08,1.590339E-07
982000,1.262440E-06,2.478598E-08,1.588720E-07
983000,1.261379E-06,2.476078E-08,1.587104E-07
984000,1.260486E-06,2.473568E-08,1.585493E-07
985000,1.260486E-06,2.471105E-08,1.583899E-07
986000,1.259492E-06,2.468601E-08,1.582293E-07
987000,1.258944E-06,2.466111E-08,1.580694E-07
988000,1.257958E-06,2.463616E-08,1.579094E-07
989000,1.256980E-06,2.461128E-08,1.577498E-07
990000,1.256012E-06,2.458644E-08,1.575906E-07
991000,1.255177E-06,2.456168E-08,1.574317E-07
992000,1.254833E-06,2.453733E-08,1.572743E-07
993000,1.253909E-06,2.451263E-08,1.571160E-07
994000,1.253189E-06,2.448801E-08,1.569580E-07
995000,1.252429E-06,2.446346E-08,1.568005E-07
996000,1.251451E-06,2.443890E-08,1.566431E-07
997000,1.250598E-06,2.441444E-08,1.564861E-07
998000,1.249701E-06,2.439003E-08,1.563295E-07
999000,1.248992E-06,2.436568E-08,1.561732E-07
1000000,1.248113E-06,2.434133E-08,1.560171E-07
